Yosys 0.64 (git sha1 6d2c445ae, g++ 11.4.0-1ubuntu1~22.04.3 -fPIC -O3)
Using ABC speed script.
Extracting clock period from SDC file: ./results/asap7/bsg_mesh_router_buffered/base/clock_period.txt
Setting clock period to 1250
1. Executing Liberty frontend: /root/OpenROAD-flow-scripts/flow/platforms/asap7/lib/NLDM/asap7sc7p5t_AO_RVT_TT_nldm_211120.lib.gz
2. Executing Liberty frontend: /root/OpenROAD-flow-scripts/flow/platforms/asap7/lib/NLDM/asap7sc7p5t_INVBUF_RVT_TT_nldm_220122.lib.gz
3. Executing Liberty frontend: /root/OpenROAD-flow-scripts/flow/platforms/asap7/lib/NLDM/asap7sc7p5t_OA_RVT_TT_nldm_211120.lib.gz
4. Executing Liberty frontend: /root/OpenROAD-flow-scripts/flow/platforms/asap7/lib/NLDM/asap7sc7p5t_SEQ_RVT_TT_nldm_220123.lib
5. Executing Liberty frontend: /root/OpenROAD-flow-scripts/flow/platforms/asap7/lib/NLDM/asap7sc7p5t_SIMPLE_RVT_TT_nldm_211120.lib.gz
6. Executing Liberty frontend: /root/OpenROAD-flow-scripts/flow/platforms/asap7/lib/NLDM/asap7sc7p5t_AO_RVT_TT_nldm_211120.lib.gz
7. Executing Liberty frontend: /root/OpenROAD-flow-scripts/flow/platforms/asap7/lib/NLDM/asap7sc7p5t_INVBUF_RVT_TT_nldm_220122.lib.gz
8. Executing Liberty frontend: /root/OpenROAD-flow-scripts/flow/platforms/asap7/lib/NLDM/asap7sc7p5t_OA_RVT_TT_nldm_211120.lib.gz
9. Executing Liberty frontend: /root/OpenROAD-flow-scripts/flow/platforms/asap7/lib/NLDM/asap7sc7p5t_SEQ_RVT_TT_nldm_220123.lib
10. Executing Liberty frontend: /root/OpenROAD-flow-scripts/flow/platforms/asap7/lib/NLDM/asap7sc7p5t_SIMPLE_RVT_TT_nldm_211120.lib.gz
11. Executing SLANG frontend.
  in instance: bsg_mesh_router_buffered.bmr.xbar[0].unconc0.rof[5]
designs/baseline_router/all_compiled.v:396:43: warning: cannot refer to element 5 of 'logic[4:0]' [-Windex-oob]
                        if (pattern_els_p[j]) begin : genblk1
                                          ^
  in instance: bsg_mesh_router_buffered.bmr.xbar[0].unconc0.rof[6]
designs/baseline_router/all_compiled.v:396:43: warning: cannot refer to element 6 of 'logic[4:0]' [-Windex-oob]
                        if (pattern_els_p[j]) begin : genblk1
                                          ^
  in instance: bsg_mesh_router_buffered.bmr.xbar[0].unconc0.rof[7]
designs/baseline_router/all_compiled.v:396:43: warning: cannot refer to element 7 of 'logic[4:0]' [-Windex-oob]
                        if (pattern_els_p[j]) begin : genblk1
                                          ^
  in instance: bsg_mesh_router_buffered.bmr.xbar[0].unconc0.rof[8]
designs/baseline_router/all_compiled.v:396:43: warning: cannot refer to element 8 of 'logic[4:0]' [-Windex-oob]
                        if (pattern_els_p[j]) begin : genblk1
                                          ^
  in instance: bsg_mesh_router_buffered.bmr.xbar[0].unconc0.rof[9]
designs/baseline_router/all_compiled.v:396:43: warning: cannot refer to element 9 of 'logic[4:0]' [-Windex-oob]
                        if (pattern_els_p[j]) begin : genblk1
                                          ^
  in instance: bsg_mesh_router_buffered.bmr.xbar[0].unconc0.rof[10]
designs/baseline_router/all_compiled.v:396:43: warning: cannot refer to element 10 of 'logic[4:0]' [-Windex-oob]
                        if (pattern_els_p[j]) begin : genblk1
                                          ^
  in instance: bsg_mesh_router_buffered.bmr.xbar[0].unconc0.rof[11]
designs/baseline_router/all_compiled.v:396:43: warning: cannot refer to element 11 of 'logic[4:0]' [-Windex-oob]
                        if (pattern_els_p[j]) begin : genblk1
                                          ^
  in instance: bsg_mesh_router_buffered.bmr.xbar[0].unconc0.rof[12]
designs/baseline_router/all_compiled.v:396:43: warning: cannot refer to element 12 of 'logic[4:0]' [-Windex-oob]
                        if (pattern_els_p[j]) begin : genblk1
                                          ^
  in instance: bsg_mesh_router_buffered.bmr.xbar[0].unconc0.rof[13]
designs/baseline_router/all_compiled.v:396:43: warning: cannot refer to element 13 of 'logic[4:0]' [-Windex-oob]
                        if (pattern_els_p[j]) begin : genblk1
                                          ^
  in instance: bsg_mesh_router_buffered.bmr.xbar[0].unconc0.rof[14]
designs/baseline_router/all_compiled.v:396:43: warning: cannot refer to element 14 of 'logic[4:0]' [-Windex-oob]
                        if (pattern_els_p[j]) begin : genblk1
                                          ^
  in instance: bsg_mesh_router_buffered.bmr.xbar[0].unconc0.rof[15]
designs/baseline_router/all_compiled.v:396:43: warning: cannot refer to element 15 of 'logic[4:0]' [-Windex-oob]
                        if (pattern_els_p[j]) begin : genblk1
                                          ^
  in instance: bsg_mesh_router_buffered.bmr.xbar[0].unconc0.rof[16]
designs/baseline_router/all_compiled.v:396:43: warning: cannot refer to element 16 of 'logic[4:0]' [-Windex-oob]
                        if (pattern_els_p[j]) begin : genblk1
                                          ^
  in instance: bsg_mesh_router_buffered.bmr.xbar[0].unconc0.rof[17]
designs/baseline_router/all_compiled.v:396:43: warning: cannot refer to element 17 of 'logic[4:0]' [-Windex-oob]
                        if (pattern_els_p[j]) begin : genblk1
                                          ^
  in instance: bsg_mesh_router_buffered.bmr.xbar[0].unconc0.rof[18]
designs/baseline_router/all_compiled.v:396:43: warning: cannot refer to element 18 of 'logic[4:0]' [-Windex-oob]
                        if (pattern_els_p[j]) begin : genblk1
                                          ^
  in instance: bsg_mesh_router_buffered.bmr.xbar[0].unconc0.rof[19]
designs/baseline_router/all_compiled.v:396:43: warning: cannot refer to element 19 of 'logic[4:0]' [-Windex-oob]
                        if (pattern_els_p[j]) begin : genblk1
                                          ^
  in instance: bsg_mesh_router_buffered.bmr.xbar[0].unconc0.rof[20]
designs/baseline_router/all_compiled.v:396:43: warning: cannot refer to element 20 of 'logic[4:0]' [-Windex-oob]
                        if (pattern_els_p[j]) begin : genblk1
                                          ^
  in instance: bsg_mesh_router_buffered.bmr.xbar[0].unconc0.rof[21]
designs/baseline_router/all_compiled.v:396:43: warning: cannot refer to element 21 of 'logic[4:0]' [-Windex-oob]
                        if (pattern_els_p[j]) begin : genblk1
                                          ^
  in instance: bsg_mesh_router_buffered.bmr.xbar[0].unconc0.rof[22]
designs/baseline_router/all_compiled.v:396:43: warning: cannot refer to element 22 of 'logic[4:0]' [-Windex-oob]
                        if (pattern_els_p[j]) begin : genblk1
                                          ^
  in instance: bsg_mesh_router_buffered.bmr.xbar[0].unconc0.rof[23]
designs/baseline_router/all_compiled.v:396:43: warning: cannot refer to element 23 of 'logic[4:0]' [-Windex-oob]
                        if (pattern_els_p[j]) begin : genblk1
                                          ^
  in instance: bsg_mesh_router_buffered.bmr.xbar[0].unconc0.rof[24]
designs/baseline_router/all_compiled.v:396:43: warning: cannot refer to element 24 of 'logic[4:0]' [-Windex-oob]
                        if (pattern_els_p[j]) begin : genblk1
                                          ^
  in instance: bsg_mesh_router_buffered.bmr.xbar[0].unconc0.rof[25]
designs/baseline_router/all_compiled.v:396:43: warning: cannot refer to element 25 of 'logic[4:0]' [-Windex-oob]
                        if (pattern_els_p[j]) begin : genblk1
                                          ^
  in instance: bsg_mesh_router_buffered.bmr.xbar[0].unconc0.rof[26]
designs/baseline_router/all_compiled.v:396:43: warning: cannot refer to element 26 of 'logic[4:0]' [-Windex-oob]
                        if (pattern_els_p[j]) begin : genblk1
                                          ^
  in instance: bsg_mesh_router_buffered.bmr.xbar[0].unconc0.rof[27]
designs/baseline_router/all_compiled.v:396:43: warning: cannot refer to element 27 of 'logic[4:0]' [-Windex-oob]
                        if (pattern_els_p[j]) begin : genblk1
                                          ^
  in instance: bsg_mesh_router_buffered.bmr.xbar[0].unconc0.rof[28]
designs/baseline_router/all_compiled.v:396:43: warning: cannot refer to element 28 of 'logic[4:0]' [-Windex-oob]
                        if (pattern_els_p[j]) begin : genblk1
                                          ^
  in instance: bsg_mesh_router_buffered.bmr.xbar[0].unconc0.rof[29]
designs/baseline_router/all_compiled.v:396:43: warning: cannot refer to element 29 of 'logic[4:0]' [-Windex-oob]
                        if (pattern_els_p[j]) begin : genblk1
                                          ^
  in instance: bsg_mesh_router_buffered.bmr.xbar[0].unconc0.rof[30]
designs/baseline_router/all_compiled.v:396:43: warning: cannot refer to element 30 of 'logic[4:0]' [-Windex-oob]
                        if (pattern_els_p[j]) begin : genblk1
                                          ^
  in instance: bsg_mesh_router_buffered.bmr.xbar[0].unconc0.rof[31]
designs/baseline_router/all_compiled.v:396:43: warning: cannot refer to element 31 of 'logic[4:0]' [-Windex-oob]
                        if (pattern_els_p[j]) begin : genblk1
                                          ^
  in instance: bsg_mesh_router_buffered.bmr.xbar[1].unconc0.rof[5]
designs/baseline_router/all_compiled.v:396:43: warning: cannot refer to element 5 of 'logic[4:0]' [-Windex-oob]
                        if (pattern_els_p[j]) begin : genblk1
                                          ^
  in instance: bsg_mesh_router_buffered.bmr.xbar[1].unconc0.rof[6]
designs/baseline_router/all_compiled.v:396:43: warning: cannot refer to element 6 of 'logic[4:0]' [-Windex-oob]
                        if (pattern_els_p[j]) begin : genblk1
                                          ^
  in instance: bsg_mesh_router_buffered.bmr.xbar[1].unconc0.rof[7]
designs/baseline_router/all_compiled.v:396:43: warning: cannot refer to element 7 of 'logic[4:0]' [-Windex-oob]
                        if (pattern_els_p[j]) begin : genblk1
                                          ^
  in instance: bsg_mesh_router_buffered.bmr.xbar[1].unconc0.rof[8]
designs/baseline_router/all_compiled.v:396:43: warning: cannot refer to element 8 of 'logic[4:0]' [-Windex-oob]
                        if (pattern_els_p[j]) begin : genblk1
                                          ^
  in instance: bsg_mesh_router_buffered.bmr.xbar[1].unconc0.rof[9]
designs/baseline_router/all_compiled.v:396:43: warning: cannot refer to element 9 of 'logic[4:0]' [-Windex-oob]
                        if (pattern_els_p[j]) begin : genblk1
                                          ^
  in instance: bsg_mesh_router_buffered.bmr.xbar[1].unconc0.rof[10]
designs/baseline_router/all_compiled.v:396:43: warning: cannot refer to element 10 of 'logic[4:0]' [-Windex-oob]
                        if (pattern_els_p[j]) begin : genblk1
                                          ^
  in instance: bsg_mesh_router_buffered.bmr.xbar[1].unconc0.rof[11]
designs/baseline_router/all_compiled.v:396:43: warning: cannot refer to element 11 of 'logic[4:0]' [-Windex-oob]
                        if (pattern_els_p[j]) begin : genblk1
                                          ^
  in instance: bsg_mesh_router_buffered.bmr.xbar[1].unconc0.rof[12]
designs/baseline_router/all_compiled.v:396:43: warning: cannot refer to element 12 of 'logic[4:0]' [-Windex-oob]
                        if (pattern_els_p[j]) begin : genblk1
                                          ^
  in instance: bsg_mesh_router_buffered.bmr.xbar[1].unconc0.rof[13]
designs/baseline_router/all_compiled.v:396:43: warning: cannot refer to element 13 of 'logic[4:0]' [-Windex-oob]
                        if (pattern_els_p[j]) begin : genblk1
                                          ^
  in instance: bsg_mesh_router_buffered.bmr.xbar[1].unconc0.rof[14]
designs/baseline_router/all_compiled.v:396:43: warning: cannot refer to element 14 of 'logic[4:0]' [-Windex-oob]
                        if (pattern_els_p[j]) begin : genblk1
                                          ^
  in instance: bsg_mesh_router_buffered.bmr.xbar[1].unconc0.rof[15]
designs/baseline_router/all_compiled.v:396:43: warning: cannot refer to element 15 of 'logic[4:0]' [-Windex-oob]
                        if (pattern_els_p[j]) begin : genblk1
                                          ^
  in instance: bsg_mesh_router_buffered.bmr.xbar[1].unconc0.rof[16]
designs/baseline_router/all_compiled.v:396:43: warning: cannot refer to element 16 of 'logic[4:0]' [-Windex-oob]
                        if (pattern_els_p[j]) begin : genblk1
                                          ^
  in instance: bsg_mesh_router_buffered.bmr.xbar[1].unconc0.rof[17]
designs/baseline_router/all_compiled.v:396:43: warning: cannot refer to element 17 of 'logic[4:0]' [-Windex-oob]
                        if (pattern_els_p[j]) begin : genblk1
                                          ^
  in instance: bsg_mesh_router_buffered.bmr.xbar[1].unconc0.rof[18]
designs/baseline_router/all_compiled.v:396:43: warning: cannot refer to element 18 of 'logic[4:0]' [-Windex-oob]
                        if (pattern_els_p[j]) begin : genblk1
                                          ^
  in instance: bsg_mesh_router_buffered.bmr.xbar[1].unconc0.rof[19]
designs/baseline_router/all_compiled.v:396:43: warning: cannot refer to element 19 of 'logic[4:0]' [-Windex-oob]
                        if (pattern_els_p[j]) begin : genblk1
                                          ^
  in instance: bsg_mesh_router_buffered.bmr.xbar[1].unconc0.rof[20]
designs/baseline_router/all_compiled.v:396:43: warning: cannot refer to element 20 of 'logic[4:0]' [-Windex-oob]
                        if (pattern_els_p[j]) begin : genblk1
                                          ^
  in instance: bsg_mesh_router_buffered.bmr.xbar[1].unconc0.rof[21]
designs/baseline_router/all_compiled.v:396:43: warning: cannot refer to element 21 of 'logic[4:0]' [-Windex-oob]
                        if (pattern_els_p[j]) begin : genblk1
                                          ^
  in instance: bsg_mesh_router_buffered.bmr.xbar[1].unconc0.rof[22]
designs/baseline_router/all_compiled.v:396:43: warning: cannot refer to element 22 of 'logic[4:0]' [-Windex-oob]
                        if (pattern_els_p[j]) begin : genblk1
                                          ^
  in instance: bsg_mesh_router_buffered.bmr.xbar[1].unconc0.rof[23]
designs/baseline_router/all_compiled.v:396:43: warning: cannot refer to element 23 of 'logic[4:0]' [-Windex-oob]
                        if (pattern_els_p[j]) begin : genblk1
                                          ^
  in instance: bsg_mesh_router_buffered.bmr.xbar[1].unconc0.rof[24]
designs/baseline_router/all_compiled.v:396:43: warning: cannot refer to element 24 of 'logic[4:0]' [-Windex-oob]
                        if (pattern_els_p[j]) begin : genblk1
                                          ^
  in instance: bsg_mesh_router_buffered.bmr.xbar[1].unconc0.rof[25]
designs/baseline_router/all_compiled.v:396:43: warning: cannot refer to element 25 of 'logic[4:0]' [-Windex-oob]
                        if (pattern_els_p[j]) begin : genblk1
                                          ^
  in instance: bsg_mesh_router_buffered.bmr.xbar[1].unconc0.rof[26]
designs/baseline_router/all_compiled.v:396:43: warning: cannot refer to element 26 of 'logic[4:0]' [-Windex-oob]
                        if (pattern_els_p[j]) begin : genblk1
                                          ^
  in instance: bsg_mesh_router_buffered.bmr.xbar[1].unconc0.rof[27]
designs/baseline_router/all_compiled.v:396:43: warning: cannot refer to element 27 of 'logic[4:0]' [-Windex-oob]
                        if (pattern_els_p[j]) begin : genblk1
                                          ^
  in instance: bsg_mesh_router_buffered.bmr.xbar[1].unconc0.rof[28]
designs/baseline_router/all_compiled.v:396:43: warning: cannot refer to element 28 of 'logic[4:0]' [-Windex-oob]
                        if (pattern_els_p[j]) begin : genblk1
                                          ^
  in instance: bsg_mesh_router_buffered.bmr.xbar[1].unconc0.rof[29]
designs/baseline_router/all_compiled.v:396:43: warning: cannot refer to element 29 of 'logic[4:0]' [-Windex-oob]
                        if (pattern_els_p[j]) begin : genblk1
                                          ^
  in instance: bsg_mesh_router_buffered.bmr.xbar[1].unconc0.rof[30]
designs/baseline_router/all_compiled.v:396:43: warning: cannot refer to element 30 of 'logic[4:0]' [-Windex-oob]
                        if (pattern_els_p[j]) begin : genblk1
                                          ^
  in instance: bsg_mesh_router_buffered.bmr.xbar[1].unconc0.rof[31]
designs/baseline_router/all_compiled.v:396:43: warning: cannot refer to element 31 of 'logic[4:0]' [-Windex-oob]
                        if (pattern_els_p[j]) begin : genblk1
                                          ^
  in instance: bsg_mesh_router_buffered.bmr.xbar[2].unconc0.rof[5]
designs/baseline_router/all_compiled.v:396:43: warning: cannot refer to element 5 of 'logic[4:0]' [-Windex-oob]
                        if (pattern_els_p[j]) begin : genblk1
                                          ^
  in instance: bsg_mesh_router_buffered.bmr.xbar[2].unconc0.rof[6]
designs/baseline_router/all_compiled.v:396:43: warning: cannot refer to element 6 of 'logic[4:0]' [-Windex-oob]
                        if (pattern_els_p[j]) begin : genblk1
                                          ^
  in instance: bsg_mesh_router_buffered.bmr.xbar[2].unconc0.rof[7]
designs/baseline_router/all_compiled.v:396:43: warning: cannot refer to element 7 of 'logic[4:0]' [-Windex-oob]
                        if (pattern_els_p[j]) begin : genblk1
                                          ^
  in instance: bsg_mesh_router_buffered.bmr.xbar[2].unconc0.rof[8]
designs/baseline_router/all_compiled.v:396:43: warning: cannot refer to element 8 of 'logic[4:0]' [-Windex-oob]
                        if (pattern_els_p[j]) begin : genblk1
                                          ^
  in instance: bsg_mesh_router_buffered.bmr.xbar[2].unconc0.rof[9]
designs/baseline_router/all_compiled.v:396:43: warning: cannot refer to element 9 of 'logic[4:0]' [-Windex-oob]
                        if (pattern_els_p[j]) begin : genblk1
                                          ^
  in instance: bsg_mesh_router_buffered.bmr.xbar[2].unconc0.rof[10]
designs/baseline_router/all_compiled.v:396:43: warning: cannot refer to element 10 of 'logic[4:0]' [-Windex-oob]
                        if (pattern_els_p[j]) begin : genblk1
                                          ^
  in instance: bsg_mesh_router_buffered.bmr.xbar[2].unconc0.rof[11]
designs/baseline_router/all_compiled.v:396:43: warning: cannot refer to element 11 of 'logic[4:0]' [-Windex-oob]
                        if (pattern_els_p[j]) begin : genblk1
                                          ^
  in instance: bsg_mesh_router_buffered.bmr.xbar[2].unconc0.rof[12]
designs/baseline_router/all_compiled.v:396:43: warning: cannot refer to element 12 of 'logic[4:0]' [-Windex-oob]
                        if (pattern_els_p[j]) begin : genblk1
                                          ^
  in instance: bsg_mesh_router_buffered.bmr.xbar[2].unconc0.rof[13]
designs/baseline_router/all_compiled.v:396:43: warning: cannot refer to element 13 of 'logic[4:0]' [-Windex-oob]
                        if (pattern_els_p[j]) begin : genblk1
                                          ^
  in instance: bsg_mesh_router_buffered.bmr.xbar[2].unconc0.rof[14]
designs/baseline_router/all_compiled.v:396:43: warning: cannot refer to element 14 of 'logic[4:0]' [-Windex-oob]
                        if (pattern_els_p[j]) begin : genblk1
                                          ^
  in instance: bsg_mesh_router_buffered.bmr.xbar[2].unconc0.rof[15]
designs/baseline_router/all_compiled.v:396:43: warning: cannot refer to element 15 of 'logic[4:0]' [-Windex-oob]
                        if (pattern_els_p[j]) begin : genblk1
                                          ^
  in instance: bsg_mesh_router_buffered.bmr.xbar[2].unconc0.rof[16]
designs/baseline_router/all_compiled.v:396:43: warning: cannot refer to element 16 of 'logic[4:0]' [-Windex-oob]
                        if (pattern_els_p[j]) begin : genblk1
                                          ^
  in instance: bsg_mesh_router_buffered.bmr.xbar[2].unconc0.rof[17]
designs/baseline_router/all_compiled.v:396:43: warning: cannot refer to element 17 of 'logic[4:0]' [-Windex-oob]
                        if (pattern_els_p[j]) begin : genblk1
                                          ^
  in instance: bsg_mesh_router_buffered.bmr.xbar[2].unconc0.rof[18]
designs/baseline_router/all_compiled.v:396:43: warning: cannot refer to element 18 of 'logic[4:0]' [-Windex-oob]
                        if (pattern_els_p[j]) begin : genblk1
                                          ^
  in instance: bsg_mesh_router_buffered.bmr.xbar[2].unconc0.rof[19]
designs/baseline_router/all_compiled.v:396:43: warning: cannot refer to element 19 of 'logic[4:0]' [-Windex-oob]
                        if (pattern_els_p[j]) begin : genblk1
                                          ^
  in instance: bsg_mesh_router_buffered.bmr.xbar[2].unconc0.rof[20]
designs/baseline_router/all_compiled.v:396:43: warning: cannot refer to element 20 of 'logic[4:0]' [-Windex-oob]
                        if (pattern_els_p[j]) begin : genblk1
                                          ^
  in instance: bsg_mesh_router_buffered.bmr.xbar[2].unconc0.rof[21]
designs/baseline_router/all_compiled.v:396:43: warning: cannot refer to element 21 of 'logic[4:0]' [-Windex-oob]
                        if (pattern_els_p[j]) begin : genblk1
                                          ^
  in instance: bsg_mesh_router_buffered.bmr.xbar[2].unconc0.rof[22]
designs/baseline_router/all_compiled.v:396:43: warning: cannot refer to element 22 of 'logic[4:0]' [-Windex-oob]
                        if (pattern_els_p[j]) begin : genblk1
                                          ^
  in instance: bsg_mesh_router_buffered.bmr.xbar[2].unconc0.rof[23]
designs/baseline_router/all_compiled.v:396:43: warning: cannot refer to element 23 of 'logic[4:0]' [-Windex-oob]
                        if (pattern_els_p[j]) begin : genblk1
                                          ^
  in instance: bsg_mesh_router_buffered.bmr.xbar[2].unconc0.rof[24]
designs/baseline_router/all_compiled.v:396:43: warning: cannot refer to element 24 of 'logic[4:0]' [-Windex-oob]
                        if (pattern_els_p[j]) begin : genblk1
                                          ^
  in instance: bsg_mesh_router_buffered.bmr.xbar[2].unconc0.rof[25]
designs/baseline_router/all_compiled.v:396:43: warning: cannot refer to element 25 of 'logic[4:0]' [-Windex-oob]
                        if (pattern_els_p[j]) begin : genblk1
                                          ^
  in instance: bsg_mesh_router_buffered.bmr.xbar[2].unconc0.rof[26]
designs/baseline_router/all_compiled.v:396:43: warning: cannot refer to element 26 of 'logic[4:0]' [-Windex-oob]
                        if (pattern_els_p[j]) begin : genblk1
                                          ^
  in instance: bsg_mesh_router_buffered.bmr.xbar[2].unconc0.rof[27]
designs/baseline_router/all_compiled.v:396:43: warning: cannot refer to element 27 of 'logic[4:0]' [-Windex-oob]
                        if (pattern_els_p[j]) begin : genblk1
                                          ^
  in instance: bsg_mesh_router_buffered.bmr.xbar[2].unconc0.rof[28]
designs/baseline_router/all_compiled.v:396:43: warning: cannot refer to element 28 of 'logic[4:0]' [-Windex-oob]
                        if (pattern_els_p[j]) begin : genblk1
                                          ^
  in instance: bsg_mesh_router_buffered.bmr.xbar[2].unconc0.rof[29]
designs/baseline_router/all_compiled.v:396:43: warning: cannot refer to element 29 of 'logic[4:0]' [-Windex-oob]
                        if (pattern_els_p[j]) begin : genblk1
                                          ^
  in instance: bsg_mesh_router_buffered.bmr.xbar[2].unconc0.rof[30]
designs/baseline_router/all_compiled.v:396:43: warning: cannot refer to element 30 of 'logic[4:0]' [-Windex-oob]
                        if (pattern_els_p[j]) begin : genblk1
                                          ^
  in instance: bsg_mesh_router_buffered.bmr.xbar[2].unconc0.rof[31]
designs/baseline_router/all_compiled.v:396:43: warning: cannot refer to element 31 of 'logic[4:0]' [-Windex-oob]
                        if (pattern_els_p[j]) begin : genblk1
                                          ^
  in instance: bsg_mesh_router_buffered.bmr.xbar[3].unconc0.rof[5]
designs/baseline_router/all_compiled.v:396:43: warning: cannot refer to element 5 of 'logic[4:0]' [-Windex-oob]
                        if (pattern_els_p[j]) begin : genblk1
                                          ^
  in instance: bsg_mesh_router_buffered.bmr.xbar[3].unconc0.rof[6]
designs/baseline_router/all_compiled.v:396:43: warning: cannot refer to element 6 of 'logic[4:0]' [-Windex-oob]
                        if (pattern_els_p[j]) begin : genblk1
                                          ^
  in instance: bsg_mesh_router_buffered.bmr.xbar[3].unconc0.rof[7]
designs/baseline_router/all_compiled.v:396:43: warning: cannot refer to element 7 of 'logic[4:0]' [-Windex-oob]
                        if (pattern_els_p[j]) begin : genblk1
                                          ^
  in instance: bsg_mesh_router_buffered.bmr.xbar[3].unconc0.rof[8]
designs/baseline_router/all_compiled.v:396:43: warning: cannot refer to element 8 of 'logic[4:0]' [-Windex-oob]
                        if (pattern_els_p[j]) begin : genblk1
                                          ^
  in instance: bsg_mesh_router_buffered.bmr.xbar[3].unconc0.rof[9]
designs/baseline_router/all_compiled.v:396:43: warning: cannot refer to element 9 of 'logic[4:0]' [-Windex-oob]
                        if (pattern_els_p[j]) begin : genblk1
                                          ^
  in instance: bsg_mesh_router_buffered.bmr.xbar[3].unconc0.rof[10]
designs/baseline_router/all_compiled.v:396:43: warning: cannot refer to element 10 of 'logic[4:0]' [-Windex-oob]
                        if (pattern_els_p[j]) begin : genblk1
                                          ^
  in instance: bsg_mesh_router_buffered.bmr.xbar[3].unconc0.rof[11]
designs/baseline_router/all_compiled.v:396:43: warning: cannot refer to element 11 of 'logic[4:0]' [-Windex-oob]
                        if (pattern_els_p[j]) begin : genblk1
                                          ^
  in instance: bsg_mesh_router_buffered.bmr.xbar[3].unconc0.rof[12]
designs/baseline_router/all_compiled.v:396:43: warning: cannot refer to element 12 of 'logic[4:0]' [-Windex-oob]
                        if (pattern_els_p[j]) begin : genblk1
                                          ^
  in instance: bsg_mesh_router_buffered.bmr.xbar[3].unconc0.rof[13]
designs/baseline_router/all_compiled.v:396:43: warning: cannot refer to element 13 of 'logic[4:0]' [-Windex-oob]
                        if (pattern_els_p[j]) begin : genblk1
                                          ^
  in instance: bsg_mesh_router_buffered.bmr.xbar[3].unconc0.rof[14]
designs/baseline_router/all_compiled.v:396:43: warning: cannot refer to element 14 of 'logic[4:0]' [-Windex-oob]
                        if (pattern_els_p[j]) begin : genblk1
                                          ^
  in instance: bsg_mesh_router_buffered.bmr.xbar[3].unconc0.rof[15]
designs/baseline_router/all_compiled.v:396:43: warning: cannot refer to element 15 of 'logic[4:0]' [-Windex-oob]
                        if (pattern_els_p[j]) begin : genblk1
                                          ^
  in instance: bsg_mesh_router_buffered.bmr.xbar[3].unconc0.rof[16]
designs/baseline_router/all_compiled.v:396:43: warning: cannot refer to element 16 of 'logic[4:0]' [-Windex-oob]
                        if (pattern_els_p[j]) begin : genblk1
                                          ^
  in instance: bsg_mesh_router_buffered.bmr.xbar[3].unconc0.rof[17]
designs/baseline_router/all_compiled.v:396:43: warning: cannot refer to element 17 of 'logic[4:0]' [-Windex-oob]
                        if (pattern_els_p[j]) begin : genblk1
                                          ^
  in instance: bsg_mesh_router_buffered.bmr.xbar[3].unconc0.rof[18]
designs/baseline_router/all_compiled.v:396:43: warning: cannot refer to element 18 of 'logic[4:0]' [-Windex-oob]
                        if (pattern_els_p[j]) begin : genblk1
                                          ^
  in instance: bsg_mesh_router_buffered.bmr.xbar[3].unconc0.rof[19]
designs/baseline_router/all_compiled.v:396:43: warning: cannot refer to element 19 of 'logic[4:0]' [-Windex-oob]
                        if (pattern_els_p[j]) begin : genblk1
                                          ^
  in instance: bsg_mesh_router_buffered.bmr.xbar[3].unconc0.rof[20]
designs/baseline_router/all_compiled.v:396:43: warning: cannot refer to element 20 of 'logic[4:0]' [-Windex-oob]
                        if (pattern_els_p[j]) begin : genblk1
                                          ^
  in instance: bsg_mesh_router_buffered.bmr.xbar[3].unconc0.rof[21]
designs/baseline_router/all_compiled.v:396:43: warning: cannot refer to element 21 of 'logic[4:0]' [-Windex-oob]
                        if (pattern_els_p[j]) begin : genblk1
                                          ^
  in instance: bsg_mesh_router_buffered.bmr.xbar[3].unconc0.rof[22]
designs/baseline_router/all_compiled.v:396:43: warning: cannot refer to element 22 of 'logic[4:0]' [-Windex-oob]
                        if (pattern_els_p[j]) begin : genblk1
                                          ^
  in instance: bsg_mesh_router_buffered.bmr.xbar[3].unconc0.rof[23]
designs/baseline_router/all_compiled.v:396:43: warning: cannot refer to element 23 of 'logic[4:0]' [-Windex-oob]
                        if (pattern_els_p[j]) begin : genblk1
                                          ^
  in instance: bsg_mesh_router_buffered.bmr.xbar[3].unconc0.rof[24]
designs/baseline_router/all_compiled.v:396:43: warning: cannot refer to element 24 of 'logic[4:0]' [-Windex-oob]
                        if (pattern_els_p[j]) begin : genblk1
                                          ^
  in instance: bsg_mesh_router_buffered.bmr.xbar[3].unconc0.rof[25]
designs/baseline_router/all_compiled.v:396:43: warning: cannot refer to element 25 of 'logic[4:0]' [-Windex-oob]
                        if (pattern_els_p[j]) begin : genblk1
                                          ^
  in instance: bsg_mesh_router_buffered.bmr.xbar[3].unconc0.rof[26]
designs/baseline_router/all_compiled.v:396:43: warning: cannot refer to element 26 of 'logic[4:0]' [-Windex-oob]
                        if (pattern_els_p[j]) begin : genblk1
                                          ^
  in instance: bsg_mesh_router_buffered.bmr.xbar[3].unconc0.rof[27]
designs/baseline_router/all_compiled.v:396:43: warning: cannot refer to element 27 of 'logic[4:0]' [-Windex-oob]
                        if (pattern_els_p[j]) begin : genblk1
                                          ^
  in instance: bsg_mesh_router_buffered.bmr.xbar[3].unconc0.rof[28]
designs/baseline_router/all_compiled.v:396:43: warning: cannot refer to element 28 of 'logic[4:0]' [-Windex-oob]
                        if (pattern_els_p[j]) begin : genblk1
                                          ^
  in instance: bsg_mesh_router_buffered.bmr.xbar[3].unconc0.rof[29]
designs/baseline_router/all_compiled.v:396:43: warning: cannot refer to element 29 of 'logic[4:0]' [-Windex-oob]
                        if (pattern_els_p[j]) begin : genblk1
                                          ^
  in instance: bsg_mesh_router_buffered.bmr.xbar[3].unconc0.rof[30]
designs/baseline_router/all_compiled.v:396:43: warning: cannot refer to element 30 of 'logic[4:0]' [-Windex-oob]
                        if (pattern_els_p[j]) begin : genblk1
                                          ^
  in instance: bsg_mesh_router_buffered.bmr.xbar[3].unconc0.rof[31]
designs/baseline_router/all_compiled.v:396:43: warning: cannot refer to element 31 of 'logic[4:0]' [-Windex-oob]
                        if (pattern_els_p[j]) begin : genblk1
                                          ^
  in instance: bsg_mesh_router_buffered.bmr.xbar[4].unconc0.rof[5]
designs/baseline_router/all_compiled.v:396:43: warning: cannot refer to element 5 of 'logic[4:0]' [-Windex-oob]
                        if (pattern_els_p[j]) begin : genblk1
                                          ^
  in instance: bsg_mesh_router_buffered.bmr.xbar[4].unconc0.rof[6]
designs/baseline_router/all_compiled.v:396:43: warning: cannot refer to element 6 of 'logic[4:0]' [-Windex-oob]
                        if (pattern_els_p[j]) begin : genblk1
                                          ^
  in instance: bsg_mesh_router_buffered.bmr.xbar[4].unconc0.rof[7]
designs/baseline_router/all_compiled.v:396:43: warning: cannot refer to element 7 of 'logic[4:0]' [-Windex-oob]
                        if (pattern_els_p[j]) begin : genblk1
                                          ^
  in instance: bsg_mesh_router_buffered.bmr.xbar[4].unconc0.rof[8]
designs/baseline_router/all_compiled.v:396:43: warning: cannot refer to element 8 of 'logic[4:0]' [-Windex-oob]
                        if (pattern_els_p[j]) begin : genblk1
                                          ^
  in instance: bsg_mesh_router_buffered.bmr.xbar[4].unconc0.rof[9]
designs/baseline_router/all_compiled.v:396:43: warning: cannot refer to element 9 of 'logic[4:0]' [-Windex-oob]
                        if (pattern_els_p[j]) begin : genblk1
                                          ^
  in instance: bsg_mesh_router_buffered.bmr.xbar[4].unconc0.rof[10]
designs/baseline_router/all_compiled.v:396:43: warning: cannot refer to element 10 of 'logic[4:0]' [-Windex-oob]
                        if (pattern_els_p[j]) begin : genblk1
                                          ^
  in instance: bsg_mesh_router_buffered.bmr.xbar[4].unconc0.rof[11]
designs/baseline_router/all_compiled.v:396:43: warning: cannot refer to element 11 of 'logic[4:0]' [-Windex-oob]
                        if (pattern_els_p[j]) begin : genblk1
                                          ^
  in instance: bsg_mesh_router_buffered.bmr.xbar[4].unconc0.rof[12]
designs/baseline_router/all_compiled.v:396:43: warning: cannot refer to element 12 of 'logic[4:0]' [-Windex-oob]
                        if (pattern_els_p[j]) begin : genblk1
                                          ^
  in instance: bsg_mesh_router_buffered.bmr.xbar[4].unconc0.rof[13]
designs/baseline_router/all_compiled.v:396:43: warning: cannot refer to element 13 of 'logic[4:0]' [-Windex-oob]
                        if (pattern_els_p[j]) begin : genblk1
                                          ^
  in instance: bsg_mesh_router_buffered.bmr.xbar[4].unconc0.rof[14]
designs/baseline_router/all_compiled.v:396:43: warning: cannot refer to element 14 of 'logic[4:0]' [-Windex-oob]
                        if (pattern_els_p[j]) begin : genblk1
                                          ^
  in instance: bsg_mesh_router_buffered.bmr.xbar[4].unconc0.rof[15]
designs/baseline_router/all_compiled.v:396:43: warning: cannot refer to element 15 of 'logic[4:0]' [-Windex-oob]
                        if (pattern_els_p[j]) begin : genblk1
                                          ^
  in instance: bsg_mesh_router_buffered.bmr.xbar[4].unconc0.rof[16]
designs/baseline_router/all_compiled.v:396:43: warning: cannot refer to element 16 of 'logic[4:0]' [-Windex-oob]
                        if (pattern_els_p[j]) begin : genblk1
                                          ^
  in instance: bsg_mesh_router_buffered.bmr.xbar[4].unconc0.rof[17]
designs/baseline_router/all_compiled.v:396:43: warning: cannot refer to element 17 of 'logic[4:0]' [-Windex-oob]
                        if (pattern_els_p[j]) begin : genblk1
                                          ^
  in instance: bsg_mesh_router_buffered.bmr.xbar[4].unconc0.rof[18]
designs/baseline_router/all_compiled.v:396:43: warning: cannot refer to element 18 of 'logic[4:0]' [-Windex-oob]
                        if (pattern_els_p[j]) begin : genblk1
                                          ^
  in instance: bsg_mesh_router_buffered.bmr.xbar[4].unconc0.rof[19]
designs/baseline_router/all_compiled.v:396:43: warning: cannot refer to element 19 of 'logic[4:0]' [-Windex-oob]
                        if (pattern_els_p[j]) begin : genblk1
                                          ^
  in instance: bsg_mesh_router_buffered.bmr.xbar[4].unconc0.rof[20]
designs/baseline_router/all_compiled.v:396:43: warning: cannot refer to element 20 of 'logic[4:0]' [-Windex-oob]
                        if (pattern_els_p[j]) begin : genblk1
                                          ^
  in instance: bsg_mesh_router_buffered.bmr.xbar[4].unconc0.rof[21]
designs/baseline_router/all_compiled.v:396:43: warning: cannot refer to element 21 of 'logic[4:0]' [-Windex-oob]
                        if (pattern_els_p[j]) begin : genblk1
                                          ^
  in instance: bsg_mesh_router_buffered.bmr.xbar[4].unconc0.rof[22]
designs/baseline_router/all_compiled.v:396:43: warning: cannot refer to element 22 of 'logic[4:0]' [-Windex-oob]
                        if (pattern_els_p[j]) begin : genblk1
                                          ^
  in instance: bsg_mesh_router_buffered.bmr.xbar[4].unconc0.rof[23]
designs/baseline_router/all_compiled.v:396:43: warning: cannot refer to element 23 of 'logic[4:0]' [-Windex-oob]
                        if (pattern_els_p[j]) begin : genblk1
                                          ^
  in instance: bsg_mesh_router_buffered.bmr.xbar[4].unconc0.rof[24]
designs/baseline_router/all_compiled.v:396:43: warning: cannot refer to element 24 of 'logic[4:0]' [-Windex-oob]
                        if (pattern_els_p[j]) begin : genblk1
                                          ^
  in instance: bsg_mesh_router_buffered.bmr.xbar[4].unconc0.rof[25]
designs/baseline_router/all_compiled.v:396:43: warning: cannot refer to element 25 of 'logic[4:0]' [-Windex-oob]
                        if (pattern_els_p[j]) begin : genblk1
                                          ^
  in instance: bsg_mesh_router_buffered.bmr.xbar[4].unconc0.rof[26]
designs/baseline_router/all_compiled.v:396:43: warning: cannot refer to element 26 of 'logic[4:0]' [-Windex-oob]
                        if (pattern_els_p[j]) begin : genblk1
                                          ^
  in instance: bsg_mesh_router_buffered.bmr.xbar[4].unconc0.rof[27]
designs/baseline_router/all_compiled.v:396:43: warning: cannot refer to element 27 of 'logic[4:0]' [-Windex-oob]
                        if (pattern_els_p[j]) begin : genblk1
                                          ^
  in instance: bsg_mesh_router_buffered.bmr.xbar[4].unconc0.rof[28]
designs/baseline_router/all_compiled.v:396:43: warning: cannot refer to element 28 of 'logic[4:0]' [-Windex-oob]
                        if (pattern_els_p[j]) begin : genblk1
                                          ^
  in instance: bsg_mesh_router_buffered.bmr.xbar[4].unconc0.rof[29]
designs/baseline_router/all_compiled.v:396:43: warning: cannot refer to element 29 of 'logic[4:0]' [-Windex-oob]
                        if (pattern_els_p[j]) begin : genblk1
                                          ^
  in instance: bsg_mesh_router_buffered.bmr.xbar[4].unconc0.rof[30]
designs/baseline_router/all_compiled.v:396:43: warning: cannot refer to element 30 of 'logic[4:0]' [-Windex-oob]
                        if (pattern_els_p[j]) begin : genblk1
                                          ^
  in instance: bsg_mesh_router_buffered.bmr.xbar[4].unconc0.rof[31]
designs/baseline_router/all_compiled.v:396:43: warning: cannot refer to element 31 of 'logic[4:0]' [-Windex-oob]
                        if (pattern_els_p[j]) begin : genblk1
                                          ^
  in instance: bsg_mesh_router_buffered.bmr.xbar[0].conc1.rof[5]
designs/baseline_router/all_compiled.v:580:43: warning: cannot refer to element 5 of 'logic[4:0]' [-Windex-oob]
                        if (pattern_els_p[j]) begin : genblk1
                                          ^
  in instance: bsg_mesh_router_buffered.bmr.xbar[0].conc1.rof[6]
designs/baseline_router/all_compiled.v:580:43: warning: cannot refer to element 6 of 'logic[4:0]' [-Windex-oob]
                        if (pattern_els_p[j]) begin : genblk1
                                          ^
  in instance: bsg_mesh_router_buffered.bmr.xbar[0].conc1.rof[7]
designs/baseline_router/all_compiled.v:580:43: warning: cannot refer to element 7 of 'logic[4:0]' [-Windex-oob]
                        if (pattern_els_p[j]) begin : genblk1
                                          ^
  in instance: bsg_mesh_router_buffered.bmr.xbar[0].conc1.rof[8]
designs/baseline_router/all_compiled.v:580:43: warning: cannot refer to element 8 of 'logic[4:0]' [-Windex-oob]
                        if (pattern_els_p[j]) begin : genblk1
                                          ^
  in instance: bsg_mesh_router_buffered.bmr.xbar[0].conc1.rof[9]
designs/baseline_router/all_compiled.v:580:43: warning: cannot refer to element 9 of 'logic[4:0]' [-Windex-oob]
                        if (pattern_els_p[j]) begin : genblk1
                                          ^
  in instance: bsg_mesh_router_buffered.bmr.xbar[0].conc1.rof[10]
designs/baseline_router/all_compiled.v:580:43: warning: cannot refer to element 10 of 'logic[4:0]' [-Windex-oob]
                        if (pattern_els_p[j]) begin : genblk1
                                          ^
  in instance: bsg_mesh_router_buffered.bmr.xbar[0].conc1.rof[11]
designs/baseline_router/all_compiled.v:580:43: warning: cannot refer to element 11 of 'logic[4:0]' [-Windex-oob]
                        if (pattern_els_p[j]) begin : genblk1
                                          ^
  in instance: bsg_mesh_router_buffered.bmr.xbar[0].conc1.rof[12]
designs/baseline_router/all_compiled.v:580:43: warning: cannot refer to element 12 of 'logic[4:0]' [-Windex-oob]
                        if (pattern_els_p[j]) begin : genblk1
                                          ^
  in instance: bsg_mesh_router_buffered.bmr.xbar[0].conc1.rof[13]
designs/baseline_router/all_compiled.v:580:43: warning: cannot refer to element 13 of 'logic[4:0]' [-Windex-oob]
                        if (pattern_els_p[j]) begin : genblk1
                                          ^
  in instance: bsg_mesh_router_buffered.bmr.xbar[0].conc1.rof[14]
designs/baseline_router/all_compiled.v:580:43: warning: cannot refer to element 14 of 'logic[4:0]' [-Windex-oob]
                        if (pattern_els_p[j]) begin : genblk1
                                          ^
  in instance: bsg_mesh_router_buffered.bmr.xbar[0].conc1.rof[15]
designs/baseline_router/all_compiled.v:580:43: warning: cannot refer to element 15 of 'logic[4:0]' [-Windex-oob]
                        if (pattern_els_p[j]) begin : genblk1
                                          ^
  in instance: bsg_mesh_router_buffered.bmr.xbar[0].conc1.rof[16]
designs/baseline_router/all_compiled.v:580:43: warning: cannot refer to element 16 of 'logic[4:0]' [-Windex-oob]
                        if (pattern_els_p[j]) begin : genblk1
                                          ^
  in instance: bsg_mesh_router_buffered.bmr.xbar[0].conc1.rof[17]
designs/baseline_router/all_compiled.v:580:43: warning: cannot refer to element 17 of 'logic[4:0]' [-Windex-oob]
                        if (pattern_els_p[j]) begin : genblk1
                                          ^
  in instance: bsg_mesh_router_buffered.bmr.xbar[0].conc1.rof[18]
designs/baseline_router/all_compiled.v:580:43: warning: cannot refer to element 18 of 'logic[4:0]' [-Windex-oob]
                        if (pattern_els_p[j]) begin : genblk1
                                          ^
  in instance: bsg_mesh_router_buffered.bmr.xbar[0].conc1.rof[19]
designs/baseline_router/all_compiled.v:580:43: warning: cannot refer to element 19 of 'logic[4:0]' [-Windex-oob]
                        if (pattern_els_p[j]) begin : genblk1
                                          ^
  in instance: bsg_mesh_router_buffered.bmr.xbar[0].conc1.rof[20]
designs/baseline_router/all_compiled.v:580:43: warning: cannot refer to element 20 of 'logic[4:0]' [-Windex-oob]
                        if (pattern_els_p[j]) begin : genblk1
                                          ^
  in instance: bsg_mesh_router_buffered.bmr.xbar[0].conc1.rof[21]
designs/baseline_router/all_compiled.v:580:43: warning: cannot refer to element 21 of 'logic[4:0]' [-Windex-oob]
                        if (pattern_els_p[j]) begin : genblk1
                                          ^
  in instance: bsg_mesh_router_buffered.bmr.xbar[0].conc1.rof[22]
designs/baseline_router/all_compiled.v:580:43: warning: cannot refer to element 22 of 'logic[4:0]' [-Windex-oob]
                        if (pattern_els_p[j]) begin : genblk1
                                          ^
  in instance: bsg_mesh_router_buffered.bmr.xbar[0].conc1.rof[23]
designs/baseline_router/all_compiled.v:580:43: warning: cannot refer to element 23 of 'logic[4:0]' [-Windex-oob]
                        if (pattern_els_p[j]) begin : genblk1
                                          ^
  in instance: bsg_mesh_router_buffered.bmr.xbar[0].conc1.rof[24]
designs/baseline_router/all_compiled.v:580:43: warning: cannot refer to element 24 of 'logic[4:0]' [-Windex-oob]
                        if (pattern_els_p[j]) begin : genblk1
                                          ^
  in instance: bsg_mesh_router_buffered.bmr.xbar[0].conc1.rof[25]
designs/baseline_router/all_compiled.v:580:43: warning: cannot refer to element 25 of 'logic[4:0]' [-Windex-oob]
                        if (pattern_els_p[j]) begin : genblk1
                                          ^
  in instance: bsg_mesh_router_buffered.bmr.xbar[0].conc1.rof[26]
designs/baseline_router/all_compiled.v:580:43: warning: cannot refer to element 26 of 'logic[4:0]' [-Windex-oob]
                        if (pattern_els_p[j]) begin : genblk1
                                          ^
  in instance: bsg_mesh_router_buffered.bmr.xbar[0].conc1.rof[27]
designs/baseline_router/all_compiled.v:580:43: warning: cannot refer to element 27 of 'logic[4:0]' [-Windex-oob]
                        if (pattern_els_p[j]) begin : genblk1
                                          ^
  in instance: bsg_mesh_router_buffered.bmr.xbar[0].conc1.rof[28]
designs/baseline_router/all_compiled.v:580:43: warning: cannot refer to element 28 of 'logic[4:0]' [-Windex-oob]
                        if (pattern_els_p[j]) begin : genblk1
                                          ^
  in instance: bsg_mesh_router_buffered.bmr.xbar[0].conc1.rof[29]
designs/baseline_router/all_compiled.v:580:43: warning: cannot refer to element 29 of 'logic[4:0]' [-Windex-oob]
                        if (pattern_els_p[j]) begin : genblk1
                                          ^
  in instance: bsg_mesh_router_buffered.bmr.xbar[0].conc1.rof[30]
designs/baseline_router/all_compiled.v:580:43: warning: cannot refer to element 30 of 'logic[4:0]' [-Windex-oob]
                        if (pattern_els_p[j]) begin : genblk1
                                          ^
  in instance: bsg_mesh_router_buffered.bmr.xbar[0].conc1.rof[31]
designs/baseline_router/all_compiled.v:580:43: warning: cannot refer to element 31 of 'logic[4:0]' [-Windex-oob]
                        if (pattern_els_p[j]) begin : genblk1
                                          ^
  in instance: bsg_mesh_router_buffered.bmr.xbar[1].conc1.rof[5]
designs/baseline_router/all_compiled.v:580:43: warning: cannot refer to element 5 of 'logic[4:0]' [-Windex-oob]
                        if (pattern_els_p[j]) begin : genblk1
                                          ^
  in instance: bsg_mesh_router_buffered.bmr.xbar[1].conc1.rof[6]
designs/baseline_router/all_compiled.v:580:43: warning: cannot refer to element 6 of 'logic[4:0]' [-Windex-oob]
                        if (pattern_els_p[j]) begin : genblk1
                                          ^
  in instance: bsg_mesh_router_buffered.bmr.xbar[1].conc1.rof[7]
designs/baseline_router/all_compiled.v:580:43: warning: cannot refer to element 7 of 'logic[4:0]' [-Windex-oob]
                        if (pattern_els_p[j]) begin : genblk1
                                          ^
  in instance: bsg_mesh_router_buffered.bmr.xbar[1].conc1.rof[8]
designs/baseline_router/all_compiled.v:580:43: warning: cannot refer to element 8 of 'logic[4:0]' [-Windex-oob]
                        if (pattern_els_p[j]) begin : genblk1
                                          ^
  in instance: bsg_mesh_router_buffered.bmr.xbar[1].conc1.rof[9]
designs/baseline_router/all_compiled.v:580:43: warning: cannot refer to element 9 of 'logic[4:0]' [-Windex-oob]
                        if (pattern_els_p[j]) begin : genblk1
                                          ^
  in instance: bsg_mesh_router_buffered.bmr.xbar[1].conc1.rof[10]
designs/baseline_router/all_compiled.v:580:43: warning: cannot refer to element 10 of 'logic[4:0]' [-Windex-oob]
                        if (pattern_els_p[j]) begin : genblk1
                                          ^
  in instance: bsg_mesh_router_buffered.bmr.xbar[1].conc1.rof[11]
designs/baseline_router/all_compiled.v:580:43: warning: cannot refer to element 11 of 'logic[4:0]' [-Windex-oob]
                        if (pattern_els_p[j]) begin : genblk1
                                          ^
  in instance: bsg_mesh_router_buffered.bmr.xbar[1].conc1.rof[12]
designs/baseline_router/all_compiled.v:580:43: warning: cannot refer to element 12 of 'logic[4:0]' [-Windex-oob]
                        if (pattern_els_p[j]) begin : genblk1
                                          ^
  in instance: bsg_mesh_router_buffered.bmr.xbar[1].conc1.rof[13]
designs/baseline_router/all_compiled.v:580:43: warning: cannot refer to element 13 of 'logic[4:0]' [-Windex-oob]
                        if (pattern_els_p[j]) begin : genblk1
                                          ^
  in instance: bsg_mesh_router_buffered.bmr.xbar[1].conc1.rof[14]
designs/baseline_router/all_compiled.v:580:43: warning: cannot refer to element 14 of 'logic[4:0]' [-Windex-oob]
                        if (pattern_els_p[j]) begin : genblk1
                                          ^
  in instance: bsg_mesh_router_buffered.bmr.xbar[1].conc1.rof[15]
designs/baseline_router/all_compiled.v:580:43: warning: cannot refer to element 15 of 'logic[4:0]' [-Windex-oob]
                        if (pattern_els_p[j]) begin : genblk1
                                          ^
  in instance: bsg_mesh_router_buffered.bmr.xbar[1].conc1.rof[16]
designs/baseline_router/all_compiled.v:580:43: warning: cannot refer to element 16 of 'logic[4:0]' [-Windex-oob]
                        if (pattern_els_p[j]) begin : genblk1
                                          ^
  in instance: bsg_mesh_router_buffered.bmr.xbar[1].conc1.rof[17]
designs/baseline_router/all_compiled.v:580:43: warning: cannot refer to element 17 of 'logic[4:0]' [-Windex-oob]
                        if (pattern_els_p[j]) begin : genblk1
                                          ^
  in instance: bsg_mesh_router_buffered.bmr.xbar[1].conc1.rof[18]
designs/baseline_router/all_compiled.v:580:43: warning: cannot refer to element 18 of 'logic[4:0]' [-Windex-oob]
                        if (pattern_els_p[j]) begin : genblk1
                                          ^
  in instance: bsg_mesh_router_buffered.bmr.xbar[1].conc1.rof[19]
designs/baseline_router/all_compiled.v:580:43: warning: cannot refer to element 19 of 'logic[4:0]' [-Windex-oob]
                        if (pattern_els_p[j]) begin : genblk1
                                          ^
  in instance: bsg_mesh_router_buffered.bmr.xbar[1].conc1.rof[20]
designs/baseline_router/all_compiled.v:580:43: warning: cannot refer to element 20 of 'logic[4:0]' [-Windex-oob]
                        if (pattern_els_p[j]) begin : genblk1
                                          ^
  in instance: bsg_mesh_router_buffered.bmr.xbar[1].conc1.rof[21]
designs/baseline_router/all_compiled.v:580:43: warning: cannot refer to element 21 of 'logic[4:0]' [-Windex-oob]
                        if (pattern_els_p[j]) begin : genblk1
                                          ^
  in instance: bsg_mesh_router_buffered.bmr.xbar[1].conc1.rof[22]
designs/baseline_router/all_compiled.v:580:43: warning: cannot refer to element 22 of 'logic[4:0]' [-Windex-oob]
                        if (pattern_els_p[j]) begin : genblk1
                                          ^
  in instance: bsg_mesh_router_buffered.bmr.xbar[1].conc1.rof[23]
designs/baseline_router/all_compiled.v:580:43: warning: cannot refer to element 23 of 'logic[4:0]' [-Windex-oob]
                        if (pattern_els_p[j]) begin : genblk1
                                          ^
  in instance: bsg_mesh_router_buffered.bmr.xbar[1].conc1.rof[24]
designs/baseline_router/all_compiled.v:580:43: warning: cannot refer to element 24 of 'logic[4:0]' [-Windex-oob]
                        if (pattern_els_p[j]) begin : genblk1
                                          ^
  in instance: bsg_mesh_router_buffered.bmr.xbar[1].conc1.rof[25]
designs/baseline_router/all_compiled.v:580:43: warning: cannot refer to element 25 of 'logic[4:0]' [-Windex-oob]
                        if (pattern_els_p[j]) begin : genblk1
                                          ^
  in instance: bsg_mesh_router_buffered.bmr.xbar[1].conc1.rof[26]
designs/baseline_router/all_compiled.v:580:43: warning: cannot refer to element 26 of 'logic[4:0]' [-Windex-oob]
                        if (pattern_els_p[j]) begin : genblk1
                                          ^
  in instance: bsg_mesh_router_buffered.bmr.xbar[1].conc1.rof[27]
designs/baseline_router/all_compiled.v:580:43: warning: cannot refer to element 27 of 'logic[4:0]' [-Windex-oob]
                        if (pattern_els_p[j]) begin : genblk1
                                          ^
  in instance: bsg_mesh_router_buffered.bmr.xbar[1].conc1.rof[28]
designs/baseline_router/all_compiled.v:580:43: warning: cannot refer to element 28 of 'logic[4:0]' [-Windex-oob]
                        if (pattern_els_p[j]) begin : genblk1
                                          ^
  in instance: bsg_mesh_router_buffered.bmr.xbar[1].conc1.rof[29]
designs/baseline_router/all_compiled.v:580:43: warning: cannot refer to element 29 of 'logic[4:0]' [-Windex-oob]
                        if (pattern_els_p[j]) begin : genblk1
                                          ^
  in instance: bsg_mesh_router_buffered.bmr.xbar[1].conc1.rof[30]
designs/baseline_router/all_compiled.v:580:43: warning: cannot refer to element 30 of 'logic[4:0]' [-Windex-oob]
                        if (pattern_els_p[j]) begin : genblk1
                                          ^
  in instance: bsg_mesh_router_buffered.bmr.xbar[1].conc1.rof[31]
designs/baseline_router/all_compiled.v:580:43: warning: cannot refer to element 31 of 'logic[4:0]' [-Windex-oob]
                        if (pattern_els_p[j]) begin : genblk1
                                          ^
  in instance: bsg_mesh_router_buffered.bmr.xbar[2].conc1.rof[5]
designs/baseline_router/all_compiled.v:580:43: warning: cannot refer to element 5 of 'logic[4:0]' [-Windex-oob]
                        if (pattern_els_p[j]) begin : genblk1
                                          ^
  in instance: bsg_mesh_router_buffered.bmr.xbar[2].conc1.rof[6]
designs/baseline_router/all_compiled.v:580:43: warning: cannot refer to element 6 of 'logic[4:0]' [-Windex-oob]
                        if (pattern_els_p[j]) begin : genblk1
                                          ^
  in instance: bsg_mesh_router_buffered.bmr.xbar[2].conc1.rof[7]
designs/baseline_router/all_compiled.v:580:43: warning: cannot refer to element 7 of 'logic[4:0]' [-Windex-oob]
                        if (pattern_els_p[j]) begin : genblk1
                                          ^
  in instance: bsg_mesh_router_buffered.bmr.xbar[2].conc1.rof[8]
designs/baseline_router/all_compiled.v:580:43: warning: cannot refer to element 8 of 'logic[4:0]' [-Windex-oob]
                        if (pattern_els_p[j]) begin : genblk1
                                          ^
  in instance: bsg_mesh_router_buffered.bmr.xbar[2].conc1.rof[9]
designs/baseline_router/all_compiled.v:580:43: warning: cannot refer to element 9 of 'logic[4:0]' [-Windex-oob]
                        if (pattern_els_p[j]) begin : genblk1
                                          ^
  in instance: bsg_mesh_router_buffered.bmr.xbar[2].conc1.rof[10]
designs/baseline_router/all_compiled.v:580:43: warning: cannot refer to element 10 of 'logic[4:0]' [-Windex-oob]
                        if (pattern_els_p[j]) begin : genblk1
                                          ^
  in instance: bsg_mesh_router_buffered.bmr.xbar[2].conc1.rof[11]
designs/baseline_router/all_compiled.v:580:43: warning: cannot refer to element 11 of 'logic[4:0]' [-Windex-oob]
                        if (pattern_els_p[j]) begin : genblk1
                                          ^
  in instance: bsg_mesh_router_buffered.bmr.xbar[2].conc1.rof[12]
designs/baseline_router/all_compiled.v:580:43: warning: cannot refer to element 12 of 'logic[4:0]' [-Windex-oob]
                        if (pattern_els_p[j]) begin : genblk1
                                          ^
  in instance: bsg_mesh_router_buffered.bmr.xbar[2].conc1.rof[13]
designs/baseline_router/all_compiled.v:580:43: warning: cannot refer to element 13 of 'logic[4:0]' [-Windex-oob]
                        if (pattern_els_p[j]) begin : genblk1
                                          ^
  in instance: bsg_mesh_router_buffered.bmr.xbar[2].conc1.rof[14]
designs/baseline_router/all_compiled.v:580:43: warning: cannot refer to element 14 of 'logic[4:0]' [-Windex-oob]
                        if (pattern_els_p[j]) begin : genblk1
                                          ^
  in instance: bsg_mesh_router_buffered.bmr.xbar[2].conc1.rof[15]
designs/baseline_router/all_compiled.v:580:43: warning: cannot refer to element 15 of 'logic[4:0]' [-Windex-oob]
                        if (pattern_els_p[j]) begin : genblk1
                                          ^
  in instance: bsg_mesh_router_buffered.bmr.xbar[2].conc1.rof[16]
designs/baseline_router/all_compiled.v:580:43: warning: cannot refer to element 16 of 'logic[4:0]' [-Windex-oob]
                        if (pattern_els_p[j]) begin : genblk1
                                          ^
  in instance: bsg_mesh_router_buffered.bmr.xbar[2].conc1.rof[17]
designs/baseline_router/all_compiled.v:580:43: warning: cannot refer to element 17 of 'logic[4:0]' [-Windex-oob]
                        if (pattern_els_p[j]) begin : genblk1
                                          ^
  in instance: bsg_mesh_router_buffered.bmr.xbar[2].conc1.rof[18]
designs/baseline_router/all_compiled.v:580:43: warning: cannot refer to element 18 of 'logic[4:0]' [-Windex-oob]
                        if (pattern_els_p[j]) begin : genblk1
                                          ^
  in instance: bsg_mesh_router_buffered.bmr.xbar[2].conc1.rof[19]
designs/baseline_router/all_compiled.v:580:43: warning: cannot refer to element 19 of 'logic[4:0]' [-Windex-oob]
                        if (pattern_els_p[j]) begin : genblk1
                                          ^
  in instance: bsg_mesh_router_buffered.bmr.xbar[2].conc1.rof[20]
designs/baseline_router/all_compiled.v:580:43: warning: cannot refer to element 20 of 'logic[4:0]' [-Windex-oob]
                        if (pattern_els_p[j]) begin : genblk1
                                          ^
  in instance: bsg_mesh_router_buffered.bmr.xbar[2].conc1.rof[21]
designs/baseline_router/all_compiled.v:580:43: warning: cannot refer to element 21 of 'logic[4:0]' [-Windex-oob]
                        if (pattern_els_p[j]) begin : genblk1
                                          ^
  in instance: bsg_mesh_router_buffered.bmr.xbar[2].conc1.rof[22]
designs/baseline_router/all_compiled.v:580:43: warning: cannot refer to element 22 of 'logic[4:0]' [-Windex-oob]
                        if (pattern_els_p[j]) begin : genblk1
                                          ^
  in instance: bsg_mesh_router_buffered.bmr.xbar[2].conc1.rof[23]
designs/baseline_router/all_compiled.v:580:43: warning: cannot refer to element 23 of 'logic[4:0]' [-Windex-oob]
                        if (pattern_els_p[j]) begin : genblk1
                                          ^
  in instance: bsg_mesh_router_buffered.bmr.xbar[2].conc1.rof[24]
designs/baseline_router/all_compiled.v:580:43: warning: cannot refer to element 24 of 'logic[4:0]' [-Windex-oob]
                        if (pattern_els_p[j]) begin : genblk1
                                          ^
  in instance: bsg_mesh_router_buffered.bmr.xbar[2].conc1.rof[25]
designs/baseline_router/all_compiled.v:580:43: warning: cannot refer to element 25 of 'logic[4:0]' [-Windex-oob]
                        if (pattern_els_p[j]) begin : genblk1
                                          ^
  in instance: bsg_mesh_router_buffered.bmr.xbar[2].conc1.rof[26]
designs/baseline_router/all_compiled.v:580:43: warning: cannot refer to element 26 of 'logic[4:0]' [-Windex-oob]
                        if (pattern_els_p[j]) begin : genblk1
                                          ^
  in instance: bsg_mesh_router_buffered.bmr.xbar[2].conc1.rof[27]
designs/baseline_router/all_compiled.v:580:43: warning: cannot refer to element 27 of 'logic[4:0]' [-Windex-oob]
                        if (pattern_els_p[j]) begin : genblk1
                                          ^
  in instance: bsg_mesh_router_buffered.bmr.xbar[2].conc1.rof[28]
designs/baseline_router/all_compiled.v:580:43: warning: cannot refer to element 28 of 'logic[4:0]' [-Windex-oob]
                        if (pattern_els_p[j]) begin : genblk1
                                          ^
  in instance: bsg_mesh_router_buffered.bmr.xbar[2].conc1.rof[29]
designs/baseline_router/all_compiled.v:580:43: warning: cannot refer to element 29 of 'logic[4:0]' [-Windex-oob]
                        if (pattern_els_p[j]) begin : genblk1
                                          ^
  in instance: bsg_mesh_router_buffered.bmr.xbar[2].conc1.rof[30]
designs/baseline_router/all_compiled.v:580:43: warning: cannot refer to element 30 of 'logic[4:0]' [-Windex-oob]
                        if (pattern_els_p[j]) begin : genblk1
                                          ^
  in instance: bsg_mesh_router_buffered.bmr.xbar[2].conc1.rof[31]
designs/baseline_router/all_compiled.v:580:43: warning: cannot refer to element 31 of 'logic[4:0]' [-Windex-oob]
                        if (pattern_els_p[j]) begin : genblk1
                                          ^
  in instance: bsg_mesh_router_buffered.bmr.xbar[3].conc1.rof[5]
designs/baseline_router/all_compiled.v:580:43: warning: cannot refer to element 5 of 'logic[4:0]' [-Windex-oob]
                        if (pattern_els_p[j]) begin : genblk1
                                          ^
  in instance: bsg_mesh_router_buffered.bmr.xbar[3].conc1.rof[6]
designs/baseline_router/all_compiled.v:580:43: warning: cannot refer to element 6 of 'logic[4:0]' [-Windex-oob]
                        if (pattern_els_p[j]) begin : genblk1
                                          ^
  in instance: bsg_mesh_router_buffered.bmr.xbar[3].conc1.rof[7]
designs/baseline_router/all_compiled.v:580:43: warning: cannot refer to element 7 of 'logic[4:0]' [-Windex-oob]
                        if (pattern_els_p[j]) begin : genblk1
                                          ^
  in instance: bsg_mesh_router_buffered.bmr.xbar[3].conc1.rof[8]
designs/baseline_router/all_compiled.v:580:43: warning: cannot refer to element 8 of 'logic[4:0]' [-Windex-oob]
                        if (pattern_els_p[j]) begin : genblk1
                                          ^
  in instance: bsg_mesh_router_buffered.bmr.xbar[3].conc1.rof[9]
designs/baseline_router/all_compiled.v:580:43: warning: cannot refer to element 9 of 'logic[4:0]' [-Windex-oob]
                        if (pattern_els_p[j]) begin : genblk1
                                          ^
  in instance: bsg_mesh_router_buffered.bmr.xbar[3].conc1.rof[10]
designs/baseline_router/all_compiled.v:580:43: warning: cannot refer to element 10 of 'logic[4:0]' [-Windex-oob]
                        if (pattern_els_p[j]) begin : genblk1
                                          ^
  in instance: bsg_mesh_router_buffered.bmr.xbar[3].conc1.rof[11]
designs/baseline_router/all_compiled.v:580:43: warning: cannot refer to element 11 of 'logic[4:0]' [-Windex-oob]
                        if (pattern_els_p[j]) begin : genblk1
                                          ^
  in instance: bsg_mesh_router_buffered.bmr.xbar[3].conc1.rof[12]
designs/baseline_router/all_compiled.v:580:43: warning: cannot refer to element 12 of 'logic[4:0]' [-Windex-oob]
                        if (pattern_els_p[j]) begin : genblk1
                                          ^
  in instance: bsg_mesh_router_buffered.bmr.xbar[3].conc1.rof[13]
designs/baseline_router/all_compiled.v:580:43: warning: cannot refer to element 13 of 'logic[4:0]' [-Windex-oob]
                        if (pattern_els_p[j]) begin : genblk1
                                          ^
  in instance: bsg_mesh_router_buffered.bmr.xbar[3].conc1.rof[14]
designs/baseline_router/all_compiled.v:580:43: warning: cannot refer to element 14 of 'logic[4:0]' [-Windex-oob]
                        if (pattern_els_p[j]) begin : genblk1
                                          ^
  in instance: bsg_mesh_router_buffered.bmr.xbar[3].conc1.rof[15]
designs/baseline_router/all_compiled.v:580:43: warning: cannot refer to element 15 of 'logic[4:0]' [-Windex-oob]
                        if (pattern_els_p[j]) begin : genblk1
                                          ^
  in instance: bsg_mesh_router_buffered.bmr.xbar[3].conc1.rof[16]
designs/baseline_router/all_compiled.v:580:43: warning: cannot refer to element 16 of 'logic[4:0]' [-Windex-oob]
                        if (pattern_els_p[j]) begin : genblk1
                                          ^
  in instance: bsg_mesh_router_buffered.bmr.xbar[3].conc1.rof[17]
designs/baseline_router/all_compiled.v:580:43: warning: cannot refer to element 17 of 'logic[4:0]' [-Windex-oob]
                        if (pattern_els_p[j]) begin : genblk1
                                          ^
  in instance: bsg_mesh_router_buffered.bmr.xbar[3].conc1.rof[18]
designs/baseline_router/all_compiled.v:580:43: warning: cannot refer to element 18 of 'logic[4:0]' [-Windex-oob]
                        if (pattern_els_p[j]) begin : genblk1
                                          ^
  in instance: bsg_mesh_router_buffered.bmr.xbar[3].conc1.rof[19]
designs/baseline_router/all_compiled.v:580:43: warning: cannot refer to element 19 of 'logic[4:0]' [-Windex-oob]
                        if (pattern_els_p[j]) begin : genblk1
                                          ^
  in instance: bsg_mesh_router_buffered.bmr.xbar[3].conc1.rof[20]
designs/baseline_router/all_compiled.v:580:43: warning: cannot refer to element 20 of 'logic[4:0]' [-Windex-oob]
                        if (pattern_els_p[j]) begin : genblk1
                                          ^
  in instance: bsg_mesh_router_buffered.bmr.xbar[3].conc1.rof[21]
designs/baseline_router/all_compiled.v:580:43: warning: cannot refer to element 21 of 'logic[4:0]' [-Windex-oob]
                        if (pattern_els_p[j]) begin : genblk1
                                          ^
  in instance: bsg_mesh_router_buffered.bmr.xbar[3].conc1.rof[22]
designs/baseline_router/all_compiled.v:580:43: warning: cannot refer to element 22 of 'logic[4:0]' [-Windex-oob]
                        if (pattern_els_p[j]) begin : genblk1
                                          ^
  in instance: bsg_mesh_router_buffered.bmr.xbar[3].conc1.rof[23]
designs/baseline_router/all_compiled.v:580:43: warning: cannot refer to element 23 of 'logic[4:0]' [-Windex-oob]
                        if (pattern_els_p[j]) begin : genblk1
                                          ^
  in instance: bsg_mesh_router_buffered.bmr.xbar[3].conc1.rof[24]
designs/baseline_router/all_compiled.v:580:43: warning: cannot refer to element 24 of 'logic[4:0]' [-Windex-oob]
                        if (pattern_els_p[j]) begin : genblk1
                                          ^
  in instance: bsg_mesh_router_buffered.bmr.xbar[3].conc1.rof[25]
designs/baseline_router/all_compiled.v:580:43: warning: cannot refer to element 25 of 'logic[4:0]' [-Windex-oob]
                        if (pattern_els_p[j]) begin : genblk1
                                          ^
  in instance: bsg_mesh_router_buffered.bmr.xbar[3].conc1.rof[26]
designs/baseline_router/all_compiled.v:580:43: warning: cannot refer to element 26 of 'logic[4:0]' [-Windex-oob]
                        if (pattern_els_p[j]) begin : genblk1
                                          ^
  in instance: bsg_mesh_router_buffered.bmr.xbar[3].conc1.rof[27]
designs/baseline_router/all_compiled.v:580:43: warning: cannot refer to element 27 of 'logic[4:0]' [-Windex-oob]
                        if (pattern_els_p[j]) begin : genblk1
                                          ^
  in instance: bsg_mesh_router_buffered.bmr.xbar[3].conc1.rof[28]
designs/baseline_router/all_compiled.v:580:43: warning: cannot refer to element 28 of 'logic[4:0]' [-Windex-oob]
                        if (pattern_els_p[j]) begin : genblk1
                                          ^
  in instance: bsg_mesh_router_buffered.bmr.xbar[3].conc1.rof[29]
designs/baseline_router/all_compiled.v:580:43: warning: cannot refer to element 29 of 'logic[4:0]' [-Windex-oob]
                        if (pattern_els_p[j]) begin : genblk1
                                          ^
  in instance: bsg_mesh_router_buffered.bmr.xbar[3].conc1.rof[30]
designs/baseline_router/all_compiled.v:580:43: warning: cannot refer to element 30 of 'logic[4:0]' [-Windex-oob]
                        if (pattern_els_p[j]) begin : genblk1
                                          ^
  in instance: bsg_mesh_router_buffered.bmr.xbar[3].conc1.rof[31]
designs/baseline_router/all_compiled.v:580:43: warning: cannot refer to element 31 of 'logic[4:0]' [-Windex-oob]
                        if (pattern_els_p[j]) begin : genblk1
                                          ^
  in instance: bsg_mesh_router_buffered.bmr.xbar[4].conc1.rof[5]
designs/baseline_router/all_compiled.v:580:43: warning: cannot refer to element 5 of 'logic[4:0]' [-Windex-oob]
                        if (pattern_els_p[j]) begin : genblk1
                                          ^
  in instance: bsg_mesh_router_buffered.bmr.xbar[4].conc1.rof[6]
designs/baseline_router/all_compiled.v:580:43: warning: cannot refer to element 6 of 'logic[4:0]' [-Windex-oob]
                        if (pattern_els_p[j]) begin : genblk1
                                          ^
  in instance: bsg_mesh_router_buffered.bmr.xbar[4].conc1.rof[7]
designs/baseline_router/all_compiled.v:580:43: warning: cannot refer to element 7 of 'logic[4:0]' [-Windex-oob]
                        if (pattern_els_p[j]) begin : genblk1
                                          ^
  in instance: bsg_mesh_router_buffered.bmr.xbar[4].conc1.rof[8]
designs/baseline_router/all_compiled.v:580:43: warning: cannot refer to element 8 of 'logic[4:0]' [-Windex-oob]
                        if (pattern_els_p[j]) begin : genblk1
                                          ^
  in instance: bsg_mesh_router_buffered.bmr.xbar[4].conc1.rof[9]
designs/baseline_router/all_compiled.v:580:43: warning: cannot refer to element 9 of 'logic[4:0]' [-Windex-oob]
                        if (pattern_els_p[j]) begin : genblk1
                                          ^
  in instance: bsg_mesh_router_buffered.bmr.xbar[4].conc1.rof[10]
designs/baseline_router/all_compiled.v:580:43: warning: cannot refer to element 10 of 'logic[4:0]' [-Windex-oob]
                        if (pattern_els_p[j]) begin : genblk1
                                          ^
  in instance: bsg_mesh_router_buffered.bmr.xbar[4].conc1.rof[11]
designs/baseline_router/all_compiled.v:580:43: warning: cannot refer to element 11 of 'logic[4:0]' [-Windex-oob]
                        if (pattern_els_p[j]) begin : genblk1
                                          ^
  in instance: bsg_mesh_router_buffered.bmr.xbar[4].conc1.rof[12]
designs/baseline_router/all_compiled.v:580:43: warning: cannot refer to element 12 of 'logic[4:0]' [-Windex-oob]
                        if (pattern_els_p[j]) begin : genblk1
                                          ^
  in instance: bsg_mesh_router_buffered.bmr.xbar[4].conc1.rof[13]
designs/baseline_router/all_compiled.v:580:43: warning: cannot refer to element 13 of 'logic[4:0]' [-Windex-oob]
                        if (pattern_els_p[j]) begin : genblk1
                                          ^
  in instance: bsg_mesh_router_buffered.bmr.xbar[4].conc1.rof[14]
designs/baseline_router/all_compiled.v:580:43: warning: cannot refer to element 14 of 'logic[4:0]' [-Windex-oob]
                        if (pattern_els_p[j]) begin : genblk1
                                          ^
  in instance: bsg_mesh_router_buffered.bmr.xbar[4].conc1.rof[15]
designs/baseline_router/all_compiled.v:580:43: warning: cannot refer to element 15 of 'logic[4:0]' [-Windex-oob]
                        if (pattern_els_p[j]) begin : genblk1
                                          ^
  in instance: bsg_mesh_router_buffered.bmr.xbar[4].conc1.rof[16]
designs/baseline_router/all_compiled.v:580:43: warning: cannot refer to element 16 of 'logic[4:0]' [-Windex-oob]
                        if (pattern_els_p[j]) begin : genblk1
                                          ^
  in instance: bsg_mesh_router_buffered.bmr.xbar[4].conc1.rof[17]
designs/baseline_router/all_compiled.v:580:43: warning: cannot refer to element 17 of 'logic[4:0]' [-Windex-oob]
                        if (pattern_els_p[j]) begin : genblk1
                                          ^
  in instance: bsg_mesh_router_buffered.bmr.xbar[4].conc1.rof[18]
designs/baseline_router/all_compiled.v:580:43: warning: cannot refer to element 18 of 'logic[4:0]' [-Windex-oob]
                        if (pattern_els_p[j]) begin : genblk1
                                          ^
  in instance: bsg_mesh_router_buffered.bmr.xbar[4].conc1.rof[19]
designs/baseline_router/all_compiled.v:580:43: warning: cannot refer to element 19 of 'logic[4:0]' [-Windex-oob]
                        if (pattern_els_p[j]) begin : genblk1
                                          ^
  in instance: bsg_mesh_router_buffered.bmr.xbar[4].conc1.rof[20]
designs/baseline_router/all_compiled.v:580:43: warning: cannot refer to element 20 of 'logic[4:0]' [-Windex-oob]
                        if (pattern_els_p[j]) begin : genblk1
                                          ^
  in instance: bsg_mesh_router_buffered.bmr.xbar[4].conc1.rof[21]
designs/baseline_router/all_compiled.v:580:43: warning: cannot refer to element 21 of 'logic[4:0]' [-Windex-oob]
                        if (pattern_els_p[j]) begin : genblk1
                                          ^
  in instance: bsg_mesh_router_buffered.bmr.xbar[4].conc1.rof[22]
designs/baseline_router/all_compiled.v:580:43: warning: cannot refer to element 22 of 'logic[4:0]' [-Windex-oob]
                        if (pattern_els_p[j]) begin : genblk1
                                          ^
  in instance: bsg_mesh_router_buffered.bmr.xbar[4].conc1.rof[23]
designs/baseline_router/all_compiled.v:580:43: warning: cannot refer to element 23 of 'logic[4:0]' [-Windex-oob]
                        if (pattern_els_p[j]) begin : genblk1
                                          ^
  in instance: bsg_mesh_router_buffered.bmr.xbar[4].conc1.rof[24]
designs/baseline_router/all_compiled.v:580:43: warning: cannot refer to element 24 of 'logic[4:0]' [-Windex-oob]
                        if (pattern_els_p[j]) begin : genblk1
                                          ^
  in instance: bsg_mesh_router_buffered.bmr.xbar[4].conc1.rof[25]
designs/baseline_router/all_compiled.v:580:43: warning: cannot refer to element 25 of 'logic[4:0]' [-Windex-oob]
                        if (pattern_els_p[j]) begin : genblk1
                                          ^
  in instance: bsg_mesh_router_buffered.bmr.xbar[4].conc1.rof[26]
designs/baseline_router/all_compiled.v:580:43: warning: cannot refer to element 26 of 'logic[4:0]' [-Windex-oob]
                        if (pattern_els_p[j]) begin : genblk1
                                          ^
  in instance: bsg_mesh_router_buffered.bmr.xbar[4].conc1.rof[27]
designs/baseline_router/all_compiled.v:580:43: warning: cannot refer to element 27 of 'logic[4:0]' [-Windex-oob]
                        if (pattern_els_p[j]) begin : genblk1
                                          ^
  in instance: bsg_mesh_router_buffered.bmr.xbar[4].conc1.rof[28]
designs/baseline_router/all_compiled.v:580:43: warning: cannot refer to element 28 of 'logic[4:0]' [-Windex-oob]
                        if (pattern_els_p[j]) begin : genblk1
                                          ^
  in instance: bsg_mesh_router_buffered.bmr.xbar[4].conc1.rof[29]
designs/baseline_router/all_compiled.v:580:43: warning: cannot refer to element 29 of 'logic[4:0]' [-Windex-oob]
                        if (pattern_els_p[j]) begin : genblk1
                                          ^
  in instance: bsg_mesh_router_buffered.bmr.xbar[4].conc1.rof[30]
designs/baseline_router/all_compiled.v:580:43: warning: cannot refer to element 30 of 'logic[4:0]' [-Windex-oob]
                        if (pattern_els_p[j]) begin : genblk1
                                          ^
  in instance: bsg_mesh_router_buffered.bmr.xbar[4].conc1.rof[31]
designs/baseline_router/all_compiled.v:580:43: warning: cannot refer to element 31 of 'logic[4:0]' [-Windex-oob]
                        if (pattern_els_p[j]) begin : genblk1
                                          ^
  in instance: bsg_mesh_router_buffered.bmr.xbar[0].conc0.rof[5]
designs/baseline_router/all_compiled.v:605:43: warning: cannot refer to element 5 of 'logic[4:0]' [-Windex-oob]
                        if (pattern_els_p[j]) begin : genblk1
                                          ^
  in instance: bsg_mesh_router_buffered.bmr.xbar[0].conc0.rof[6]
designs/baseline_router/all_compiled.v:605:43: warning: cannot refer to element 6 of 'logic[4:0]' [-Windex-oob]
                        if (pattern_els_p[j]) begin : genblk1
                                          ^
  in instance: bsg_mesh_router_buffered.bmr.xbar[0].conc0.rof[7]
designs/baseline_router/all_compiled.v:605:43: warning: cannot refer to element 7 of 'logic[4:0]' [-Windex-oob]
                        if (pattern_els_p[j]) begin : genblk1
                                          ^
  in instance: bsg_mesh_router_buffered.bmr.xbar[0].conc0.rof[8]
designs/baseline_router/all_compiled.v:605:43: warning: cannot refer to element 8 of 'logic[4:0]' [-Windex-oob]
                        if (pattern_els_p[j]) begin : genblk1
                                          ^
  in instance: bsg_mesh_router_buffered.bmr.xbar[0].conc0.rof[9]
designs/baseline_router/all_compiled.v:605:43: warning: cannot refer to element 9 of 'logic[4:0]' [-Windex-oob]
                        if (pattern_els_p[j]) begin : genblk1
                                          ^
  in instance: bsg_mesh_router_buffered.bmr.xbar[0].conc0.rof[10]
designs/baseline_router/all_compiled.v:605:43: warning: cannot refer to element 10 of 'logic[4:0]' [-Windex-oob]
                        if (pattern_els_p[j]) begin : genblk1
                                          ^
  in instance: bsg_mesh_router_buffered.bmr.xbar[0].conc0.rof[11]
designs/baseline_router/all_compiled.v:605:43: warning: cannot refer to element 11 of 'logic[4:0]' [-Windex-oob]
                        if (pattern_els_p[j]) begin : genblk1
                                          ^
  in instance: bsg_mesh_router_buffered.bmr.xbar[0].conc0.rof[12]
designs/baseline_router/all_compiled.v:605:43: warning: cannot refer to element 12 of 'logic[4:0]' [-Windex-oob]
                        if (pattern_els_p[j]) begin : genblk1
                                          ^
  in instance: bsg_mesh_router_buffered.bmr.xbar[0].conc0.rof[13]
designs/baseline_router/all_compiled.v:605:43: warning: cannot refer to element 13 of 'logic[4:0]' [-Windex-oob]
                        if (pattern_els_p[j]) begin : genblk1
                                          ^
  in instance: bsg_mesh_router_buffered.bmr.xbar[0].conc0.rof[14]
designs/baseline_router/all_compiled.v:605:43: warning: cannot refer to element 14 of 'logic[4:0]' [-Windex-oob]
                        if (pattern_els_p[j]) begin : genblk1
                                          ^
  in instance: bsg_mesh_router_buffered.bmr.xbar[0].conc0.rof[15]
designs/baseline_router/all_compiled.v:605:43: warning: cannot refer to element 15 of 'logic[4:0]' [-Windex-oob]
                        if (pattern_els_p[j]) begin : genblk1
                                          ^
  in instance: bsg_mesh_router_buffered.bmr.xbar[0].conc0.rof[16]
designs/baseline_router/all_compiled.v:605:43: warning: cannot refer to element 16 of 'logic[4:0]' [-Windex-oob]
                        if (pattern_els_p[j]) begin : genblk1
                                          ^
  in instance: bsg_mesh_router_buffered.bmr.xbar[0].conc0.rof[17]
designs/baseline_router/all_compiled.v:605:43: warning: cannot refer to element 17 of 'logic[4:0]' [-Windex-oob]
                        if (pattern_els_p[j]) begin : genblk1
                                          ^
  in instance: bsg_mesh_router_buffered.bmr.xbar[0].conc0.rof[18]
designs/baseline_router/all_compiled.v:605:43: warning: cannot refer to element 18 of 'logic[4:0]' [-Windex-oob]
                        if (pattern_els_p[j]) begin : genblk1
                                          ^
  in instance: bsg_mesh_router_buffered.bmr.xbar[0].conc0.rof[19]
designs/baseline_router/all_compiled.v:605:43: warning: cannot refer to element 19 of 'logic[4:0]' [-Windex-oob]
                        if (pattern_els_p[j]) begin : genblk1
                                          ^
  in instance: bsg_mesh_router_buffered.bmr.xbar[0].conc0.rof[20]
designs/baseline_router/all_compiled.v:605:43: warning: cannot refer to element 20 of 'logic[4:0]' [-Windex-oob]
                        if (pattern_els_p[j]) begin : genblk1
                                          ^
  in instance: bsg_mesh_router_buffered.bmr.xbar[0].conc0.rof[21]
designs/baseline_router/all_compiled.v:605:43: warning: cannot refer to element 21 of 'logic[4:0]' [-Windex-oob]
                        if (pattern_els_p[j]) begin : genblk1
                                          ^
  in instance: bsg_mesh_router_buffered.bmr.xbar[0].conc0.rof[22]
designs/baseline_router/all_compiled.v:605:43: warning: cannot refer to element 22 of 'logic[4:0]' [-Windex-oob]
                        if (pattern_els_p[j]) begin : genblk1
                                          ^
  in instance: bsg_mesh_router_buffered.bmr.xbar[0].conc0.rof[23]
designs/baseline_router/all_compiled.v:605:43: warning: cannot refer to element 23 of 'logic[4:0]' [-Windex-oob]
                        if (pattern_els_p[j]) begin : genblk1
                                          ^
  in instance: bsg_mesh_router_buffered.bmr.xbar[0].conc0.rof[24]
designs/baseline_router/all_compiled.v:605:43: warning: cannot refer to element 24 of 'logic[4:0]' [-Windex-oob]
                        if (pattern_els_p[j]) begin : genblk1
                                          ^
  in instance: bsg_mesh_router_buffered.bmr.xbar[0].conc0.rof[25]
designs/baseline_router/all_compiled.v:605:43: warning: cannot refer to element 25 of 'logic[4:0]' [-Windex-oob]
                        if (pattern_els_p[j]) begin : genblk1
                                          ^
  in instance: bsg_mesh_router_buffered.bmr.xbar[0].conc0.rof[26]
designs/baseline_router/all_compiled.v:605:43: warning: cannot refer to element 26 of 'logic[4:0]' [-Windex-oob]
                        if (pattern_els_p[j]) begin : genblk1
                                          ^
  in instance: bsg_mesh_router_buffered.bmr.xbar[0].conc0.rof[27]
designs/baseline_router/all_compiled.v:605:43: warning: cannot refer to element 27 of 'logic[4:0]' [-Windex-oob]
                        if (pattern_els_p[j]) begin : genblk1
                                          ^
  in instance: bsg_mesh_router_buffered.bmr.xbar[0].conc0.rof[28]
designs/baseline_router/all_compiled.v:605:43: warning: cannot refer to element 28 of 'logic[4:0]' [-Windex-oob]
                        if (pattern_els_p[j]) begin : genblk1
                                          ^
  in instance: bsg_mesh_router_buffered.bmr.xbar[0].conc0.rof[29]
designs/baseline_router/all_compiled.v:605:43: warning: cannot refer to element 29 of 'logic[4:0]' [-Windex-oob]
                        if (pattern_els_p[j]) begin : genblk1
                                          ^
  in instance: bsg_mesh_router_buffered.bmr.xbar[0].conc0.rof[30]
designs/baseline_router/all_compiled.v:605:43: warning: cannot refer to element 30 of 'logic[4:0]' [-Windex-oob]
                        if (pattern_els_p[j]) begin : genblk1
                                          ^
  in instance: bsg_mesh_router_buffered.bmr.xbar[0].conc0.rof[31]
designs/baseline_router/all_compiled.v:605:43: warning: cannot refer to element 31 of 'logic[4:0]' [-Windex-oob]
                        if (pattern_els_p[j]) begin : genblk1
                                          ^
  in instance: bsg_mesh_router_buffered.bmr.xbar[1].conc0.rof[5]
designs/baseline_router/all_compiled.v:605:43: warning: cannot refer to element 5 of 'logic[4:0]' [-Windex-oob]
                        if (pattern_els_p[j]) begin : genblk1
                                          ^
  in instance: bsg_mesh_router_buffered.bmr.xbar[1].conc0.rof[6]
designs/baseline_router/all_compiled.v:605:43: warning: cannot refer to element 6 of 'logic[4:0]' [-Windex-oob]
                        if (pattern_els_p[j]) begin : genblk1
                                          ^
  in instance: bsg_mesh_router_buffered.bmr.xbar[1].conc0.rof[7]
designs/baseline_router/all_compiled.v:605:43: warning: cannot refer to element 7 of 'logic[4:0]' [-Windex-oob]
                        if (pattern_els_p[j]) begin : genblk1
                                          ^
  in instance: bsg_mesh_router_buffered.bmr.xbar[1].conc0.rof[8]
designs/baseline_router/all_compiled.v:605:43: warning: cannot refer to element 8 of 'logic[4:0]' [-Windex-oob]
                        if (pattern_els_p[j]) begin : genblk1
                                          ^
  in instance: bsg_mesh_router_buffered.bmr.xbar[1].conc0.rof[9]
designs/baseline_router/all_compiled.v:605:43: warning: cannot refer to element 9 of 'logic[4:0]' [-Windex-oob]
                        if (pattern_els_p[j]) begin : genblk1
                                          ^
  in instance: bsg_mesh_router_buffered.bmr.xbar[1].conc0.rof[10]
designs/baseline_router/all_compiled.v:605:43: warning: cannot refer to element 10 of 'logic[4:0]' [-Windex-oob]
                        if (pattern_els_p[j]) begin : genblk1
                                          ^
  in instance: bsg_mesh_router_buffered.bmr.xbar[1].conc0.rof[11]
designs/baseline_router/all_compiled.v:605:43: warning: cannot refer to element 11 of 'logic[4:0]' [-Windex-oob]
                        if (pattern_els_p[j]) begin : genblk1
                                          ^
  in instance: bsg_mesh_router_buffered.bmr.xbar[1].conc0.rof[12]
designs/baseline_router/all_compiled.v:605:43: warning: cannot refer to element 12 of 'logic[4:0]' [-Windex-oob]
                        if (pattern_els_p[j]) begin : genblk1
                                          ^
  in instance: bsg_mesh_router_buffered.bmr.xbar[1].conc0.rof[13]
designs/baseline_router/all_compiled.v:605:43: warning: cannot refer to element 13 of 'logic[4:0]' [-Windex-oob]
                        if (pattern_els_p[j]) begin : genblk1
                                          ^
  in instance: bsg_mesh_router_buffered.bmr.xbar[1].conc0.rof[14]
designs/baseline_router/all_compiled.v:605:43: warning: cannot refer to element 14 of 'logic[4:0]' [-Windex-oob]
                        if (pattern_els_p[j]) begin : genblk1
                                          ^
  in instance: bsg_mesh_router_buffered.bmr.xbar[1].conc0.rof[15]
designs/baseline_router/all_compiled.v:605:43: warning: cannot refer to element 15 of 'logic[4:0]' [-Windex-oob]
                        if (pattern_els_p[j]) begin : genblk1
                                          ^
  in instance: bsg_mesh_router_buffered.bmr.xbar[1].conc0.rof[16]
designs/baseline_router/all_compiled.v:605:43: warning: cannot refer to element 16 of 'logic[4:0]' [-Windex-oob]
                        if (pattern_els_p[j]) begin : genblk1
                                          ^
  in instance: bsg_mesh_router_buffered.bmr.xbar[1].conc0.rof[17]
designs/baseline_router/all_compiled.v:605:43: warning: cannot refer to element 17 of 'logic[4:0]' [-Windex-oob]
                        if (pattern_els_p[j]) begin : genblk1
                                          ^
  in instance: bsg_mesh_router_buffered.bmr.xbar[1].conc0.rof[18]
designs/baseline_router/all_compiled.v:605:43: warning: cannot refer to element 18 of 'logic[4:0]' [-Windex-oob]
                        if (pattern_els_p[j]) begin : genblk1
                                          ^
  in instance: bsg_mesh_router_buffered.bmr.xbar[1].conc0.rof[19]
designs/baseline_router/all_compiled.v:605:43: warning: cannot refer to element 19 of 'logic[4:0]' [-Windex-oob]
                        if (pattern_els_p[j]) begin : genblk1
                                          ^
  in instance: bsg_mesh_router_buffered.bmr.xbar[1].conc0.rof[20]
designs/baseline_router/all_compiled.v:605:43: warning: cannot refer to element 20 of 'logic[4:0]' [-Windex-oob]
                        if (pattern_els_p[j]) begin : genblk1
                                          ^
  in instance: bsg_mesh_router_buffered.bmr.xbar[1].conc0.rof[21]
designs/baseline_router/all_compiled.v:605:43: warning: cannot refer to element 21 of 'logic[4:0]' [-Windex-oob]
                        if (pattern_els_p[j]) begin : genblk1
                                          ^
  in instance: bsg_mesh_router_buffered.bmr.xbar[1].conc0.rof[22]
designs/baseline_router/all_compiled.v:605:43: warning: cannot refer to element 22 of 'logic[4:0]' [-Windex-oob]
                        if (pattern_els_p[j]) begin : genblk1
                                          ^
  in instance: bsg_mesh_router_buffered.bmr.xbar[1].conc0.rof[23]
designs/baseline_router/all_compiled.v:605:43: warning: cannot refer to element 23 of 'logic[4:0]' [-Windex-oob]
                        if (pattern_els_p[j]) begin : genblk1
                                          ^
  in instance: bsg_mesh_router_buffered.bmr.xbar[1].conc0.rof[24]
designs/baseline_router/all_compiled.v:605:43: warning: cannot refer to element 24 of 'logic[4:0]' [-Windex-oob]
                        if (pattern_els_p[j]) begin : genblk1
                                          ^
  in instance: bsg_mesh_router_buffered.bmr.xbar[1].conc0.rof[25]
designs/baseline_router/all_compiled.v:605:43: warning: cannot refer to element 25 of 'logic[4:0]' [-Windex-oob]
                        if (pattern_els_p[j]) begin : genblk1
                                          ^
  in instance: bsg_mesh_router_buffered.bmr.xbar[1].conc0.rof[26]
designs/baseline_router/all_compiled.v:605:43: warning: cannot refer to element 26 of 'logic[4:0]' [-Windex-oob]
                        if (pattern_els_p[j]) begin : genblk1
                                          ^
  in instance: bsg_mesh_router_buffered.bmr.xbar[1].conc0.rof[27]
designs/baseline_router/all_compiled.v:605:43: warning: cannot refer to element 27 of 'logic[4:0]' [-Windex-oob]
                        if (pattern_els_p[j]) begin : genblk1
                                          ^
  in instance: bsg_mesh_router_buffered.bmr.xbar[1].conc0.rof[28]
designs/baseline_router/all_compiled.v:605:43: warning: cannot refer to element 28 of 'logic[4:0]' [-Windex-oob]
                        if (pattern_els_p[j]) begin : genblk1
                                          ^
  in instance: bsg_mesh_router_buffered.bmr.xbar[1].conc0.rof[29]
designs/baseline_router/all_compiled.v:605:43: warning: cannot refer to element 29 of 'logic[4:0]' [-Windex-oob]
                        if (pattern_els_p[j]) begin : genblk1
                                          ^
  in instance: bsg_mesh_router_buffered.bmr.xbar[1].conc0.rof[30]
designs/baseline_router/all_compiled.v:605:43: warning: cannot refer to element 30 of 'logic[4:0]' [-Windex-oob]
                        if (pattern_els_p[j]) begin : genblk1
                                          ^
  in instance: bsg_mesh_router_buffered.bmr.xbar[1].conc0.rof[31]
designs/baseline_router/all_compiled.v:605:43: warning: cannot refer to element 31 of 'logic[4:0]' [-Windex-oob]
                        if (pattern_els_p[j]) begin : genblk1
                                          ^
  in instance: bsg_mesh_router_buffered.bmr.xbar[2].conc0.rof[5]
designs/baseline_router/all_compiled.v:605:43: warning: cannot refer to element 5 of 'logic[4:0]' [-Windex-oob]
                        if (pattern_els_p[j]) begin : genblk1
                                          ^
  in instance: bsg_mesh_router_buffered.bmr.xbar[2].conc0.rof[6]
designs/baseline_router/all_compiled.v:605:43: warning: cannot refer to element 6 of 'logic[4:0]' [-Windex-oob]
                        if (pattern_els_p[j]) begin : genblk1
                                          ^
  in instance: bsg_mesh_router_buffered.bmr.xbar[2].conc0.rof[7]
designs/baseline_router/all_compiled.v:605:43: warning: cannot refer to element 7 of 'logic[4:0]' [-Windex-oob]
                        if (pattern_els_p[j]) begin : genblk1
                                          ^
  in instance: bsg_mesh_router_buffered.bmr.xbar[2].conc0.rof[8]
designs/baseline_router/all_compiled.v:605:43: warning: cannot refer to element 8 of 'logic[4:0]' [-Windex-oob]
                        if (pattern_els_p[j]) begin : genblk1
                                          ^
  in instance: bsg_mesh_router_buffered.bmr.xbar[2].conc0.rof[9]
designs/baseline_router/all_compiled.v:605:43: warning: cannot refer to element 9 of 'logic[4:0]' [-Windex-oob]
                        if (pattern_els_p[j]) begin : genblk1
                                          ^
  in instance: bsg_mesh_router_buffered.bmr.xbar[2].conc0.rof[10]
designs/baseline_router/all_compiled.v:605:43: warning: cannot refer to element 10 of 'logic[4:0]' [-Windex-oob]
                        if (pattern_els_p[j]) begin : genblk1
                                          ^
  in instance: bsg_mesh_router_buffered.bmr.xbar[2].conc0.rof[11]
designs/baseline_router/all_compiled.v:605:43: warning: cannot refer to element 11 of 'logic[4:0]' [-Windex-oob]
                        if (pattern_els_p[j]) begin : genblk1
                                          ^
  in instance: bsg_mesh_router_buffered.bmr.xbar[2].conc0.rof[12]
designs/baseline_router/all_compiled.v:605:43: warning: cannot refer to element 12 of 'logic[4:0]' [-Windex-oob]
                        if (pattern_els_p[j]) begin : genblk1
                                          ^
  in instance: bsg_mesh_router_buffered.bmr.xbar[2].conc0.rof[13]
designs/baseline_router/all_compiled.v:605:43: warning: cannot refer to element 13 of 'logic[4:0]' [-Windex-oob]
                        if (pattern_els_p[j]) begin : genblk1
                                          ^
  in instance: bsg_mesh_router_buffered.bmr.xbar[2].conc0.rof[14]
designs/baseline_router/all_compiled.v:605:43: warning: cannot refer to element 14 of 'logic[4:0]' [-Windex-oob]
                        if (pattern_els_p[j]) begin : genblk1
                                          ^
  in instance: bsg_mesh_router_buffered.bmr.xbar[2].conc0.rof[15]
designs/baseline_router/all_compiled.v:605:43: warning: cannot refer to element 15 of 'logic[4:0]' [-Windex-oob]
                        if (pattern_els_p[j]) begin : genblk1
                                          ^
  in instance: bsg_mesh_router_buffered.bmr.xbar[2].conc0.rof[16]
designs/baseline_router/all_compiled.v:605:43: warning: cannot refer to element 16 of 'logic[4:0]' [-Windex-oob]
                        if (pattern_els_p[j]) begin : genblk1
                                          ^
  in instance: bsg_mesh_router_buffered.bmr.xbar[2].conc0.rof[17]
designs/baseline_router/all_compiled.v:605:43: warning: cannot refer to element 17 of 'logic[4:0]' [-Windex-oob]
                        if (pattern_els_p[j]) begin : genblk1
                                          ^
  in instance: bsg_mesh_router_buffered.bmr.xbar[2].conc0.rof[18]
designs/baseline_router/all_compiled.v:605:43: warning: cannot refer to element 18 of 'logic[4:0]' [-Windex-oob]
                        if (pattern_els_p[j]) begin : genblk1
                                          ^
  in instance: bsg_mesh_router_buffered.bmr.xbar[2].conc0.rof[19]
designs/baseline_router/all_compiled.v:605:43: warning: cannot refer to element 19 of 'logic[4:0]' [-Windex-oob]
                        if (pattern_els_p[j]) begin : genblk1
                                          ^
  in instance: bsg_mesh_router_buffered.bmr.xbar[2].conc0.rof[20]
designs/baseline_router/all_compiled.v:605:43: warning: cannot refer to element 20 of 'logic[4:0]' [-Windex-oob]
                        if (pattern_els_p[j]) begin : genblk1
                                          ^
  in instance: bsg_mesh_router_buffered.bmr.xbar[2].conc0.rof[21]
designs/baseline_router/all_compiled.v:605:43: warning: cannot refer to element 21 of 'logic[4:0]' [-Windex-oob]
                        if (pattern_els_p[j]) begin : genblk1
                                          ^
  in instance: bsg_mesh_router_buffered.bmr.xbar[2].conc0.rof[22]
designs/baseline_router/all_compiled.v:605:43: warning: cannot refer to element 22 of 'logic[4:0]' [-Windex-oob]
                        if (pattern_els_p[j]) begin : genblk1
                                          ^
  in instance: bsg_mesh_router_buffered.bmr.xbar[2].conc0.rof[23]
designs/baseline_router/all_compiled.v:605:43: warning: cannot refer to element 23 of 'logic[4:0]' [-Windex-oob]
                        if (pattern_els_p[j]) begin : genblk1
                                          ^
  in instance: bsg_mesh_router_buffered.bmr.xbar[2].conc0.rof[24]
designs/baseline_router/all_compiled.v:605:43: warning: cannot refer to element 24 of 'logic[4:0]' [-Windex-oob]
                        if (pattern_els_p[j]) begin : genblk1
                                          ^
  in instance: bsg_mesh_router_buffered.bmr.xbar[2].conc0.rof[25]
designs/baseline_router/all_compiled.v:605:43: warning: cannot refer to element 25 of 'logic[4:0]' [-Windex-oob]
                        if (pattern_els_p[j]) begin : genblk1
                                          ^
  in instance: bsg_mesh_router_buffered.bmr.xbar[2].conc0.rof[26]
designs/baseline_router/all_compiled.v:605:43: warning: cannot refer to element 26 of 'logic[4:0]' [-Windex-oob]
                        if (pattern_els_p[j]) begin : genblk1
                                          ^
  in instance: bsg_mesh_router_buffered.bmr.xbar[2].conc0.rof[27]
designs/baseline_router/all_compiled.v:605:43: warning: cannot refer to element 27 of 'logic[4:0]' [-Windex-oob]
                        if (pattern_els_p[j]) begin : genblk1
                                          ^
  in instance: bsg_mesh_router_buffered.bmr.xbar[2].conc0.rof[28]
designs/baseline_router/all_compiled.v:605:43: warning: cannot refer to element 28 of 'logic[4:0]' [-Windex-oob]
                        if (pattern_els_p[j]) begin : genblk1
                                          ^
  in instance: bsg_mesh_router_buffered.bmr.xbar[2].conc0.rof[29]
designs/baseline_router/all_compiled.v:605:43: warning: cannot refer to element 29 of 'logic[4:0]' [-Windex-oob]
                        if (pattern_els_p[j]) begin : genblk1
                                          ^
  in instance: bsg_mesh_router_buffered.bmr.xbar[2].conc0.rof[30]
designs/baseline_router/all_compiled.v:605:43: warning: cannot refer to element 30 of 'logic[4:0]' [-Windex-oob]
                        if (pattern_els_p[j]) begin : genblk1
                                          ^
  in instance: bsg_mesh_router_buffered.bmr.xbar[2].conc0.rof[31]
designs/baseline_router/all_compiled.v:605:43: warning: cannot refer to element 31 of 'logic[4:0]' [-Windex-oob]
                        if (pattern_els_p[j]) begin : genblk1
                                          ^
  in instance: bsg_mesh_router_buffered.bmr.xbar[3].conc0.rof[5]
designs/baseline_router/all_compiled.v:605:43: warning: cannot refer to element 5 of 'logic[4:0]' [-Windex-oob]
                        if (pattern_els_p[j]) begin : genblk1
                                          ^
  in instance: bsg_mesh_router_buffered.bmr.xbar[3].conc0.rof[6]
designs/baseline_router/all_compiled.v:605:43: warning: cannot refer to element 6 of 'logic[4:0]' [-Windex-oob]
                        if (pattern_els_p[j]) begin : genblk1
                                          ^
  in instance: bsg_mesh_router_buffered.bmr.xbar[3].conc0.rof[7]
designs/baseline_router/all_compiled.v:605:43: warning: cannot refer to element 7 of 'logic[4:0]' [-Windex-oob]
                        if (pattern_els_p[j]) begin : genblk1
                                          ^
  in instance: bsg_mesh_router_buffered.bmr.xbar[3].conc0.rof[8]
designs/baseline_router/all_compiled.v:605:43: warning: cannot refer to element 8 of 'logic[4:0]' [-Windex-oob]
                        if (pattern_els_p[j]) begin : genblk1
                                          ^
  in instance: bsg_mesh_router_buffered.bmr.xbar[3].conc0.rof[9]
designs/baseline_router/all_compiled.v:605:43: warning: cannot refer to element 9 of 'logic[4:0]' [-Windex-oob]
                        if (pattern_els_p[j]) begin : genblk1
                                          ^
  in instance: bsg_mesh_router_buffered.bmr.xbar[3].conc0.rof[10]
designs/baseline_router/all_compiled.v:605:43: warning: cannot refer to element 10 of 'logic[4:0]' [-Windex-oob]
                        if (pattern_els_p[j]) begin : genblk1
                                          ^
  in instance: bsg_mesh_router_buffered.bmr.xbar[3].conc0.rof[11]
designs/baseline_router/all_compiled.v:605:43: warning: cannot refer to element 11 of 'logic[4:0]' [-Windex-oob]
                        if (pattern_els_p[j]) begin : genblk1
                                          ^
  in instance: bsg_mesh_router_buffered.bmr.xbar[3].conc0.rof[12]
designs/baseline_router/all_compiled.v:605:43: warning: cannot refer to element 12 of 'logic[4:0]' [-Windex-oob]
                        if (pattern_els_p[j]) begin : genblk1
                                          ^
  in instance: bsg_mesh_router_buffered.bmr.xbar[3].conc0.rof[13]
designs/baseline_router/all_compiled.v:605:43: warning: cannot refer to element 13 of 'logic[4:0]' [-Windex-oob]
                        if (pattern_els_p[j]) begin : genblk1
                                          ^
  in instance: bsg_mesh_router_buffered.bmr.xbar[3].conc0.rof[14]
designs/baseline_router/all_compiled.v:605:43: warning: cannot refer to element 14 of 'logic[4:0]' [-Windex-oob]
                        if (pattern_els_p[j]) begin : genblk1
                                          ^
  in instance: bsg_mesh_router_buffered.bmr.xbar[3].conc0.rof[15]
designs/baseline_router/all_compiled.v:605:43: warning: cannot refer to element 15 of 'logic[4:0]' [-Windex-oob]
                        if (pattern_els_p[j]) begin : genblk1
                                          ^
  in instance: bsg_mesh_router_buffered.bmr.xbar[3].conc0.rof[16]
designs/baseline_router/all_compiled.v:605:43: warning: cannot refer to element 16 of 'logic[4:0]' [-Windex-oob]
                        if (pattern_els_p[j]) begin : genblk1
                                          ^
  in instance: bsg_mesh_router_buffered.bmr.xbar[3].conc0.rof[17]
designs/baseline_router/all_compiled.v:605:43: warning: cannot refer to element 17 of 'logic[4:0]' [-Windex-oob]
                        if (pattern_els_p[j]) begin : genblk1
                                          ^
  in instance: bsg_mesh_router_buffered.bmr.xbar[3].conc0.rof[18]
designs/baseline_router/all_compiled.v:605:43: warning: cannot refer to element 18 of 'logic[4:0]' [-Windex-oob]
                        if (pattern_els_p[j]) begin : genblk1
                                          ^
  in instance: bsg_mesh_router_buffered.bmr.xbar[3].conc0.rof[19]
designs/baseline_router/all_compiled.v:605:43: warning: cannot refer to element 19 of 'logic[4:0]' [-Windex-oob]
                        if (pattern_els_p[j]) begin : genblk1
                                          ^
  in instance: bsg_mesh_router_buffered.bmr.xbar[3].conc0.rof[20]
designs/baseline_router/all_compiled.v:605:43: warning: cannot refer to element 20 of 'logic[4:0]' [-Windex-oob]
                        if (pattern_els_p[j]) begin : genblk1
                                          ^
  in instance: bsg_mesh_router_buffered.bmr.xbar[3].conc0.rof[21]
designs/baseline_router/all_compiled.v:605:43: warning: cannot refer to element 21 of 'logic[4:0]' [-Windex-oob]
                        if (pattern_els_p[j]) begin : genblk1
                                          ^
  in instance: bsg_mesh_router_buffered.bmr.xbar[3].conc0.rof[22]
designs/baseline_router/all_compiled.v:605:43: warning: cannot refer to element 22 of 'logic[4:0]' [-Windex-oob]
                        if (pattern_els_p[j]) begin : genblk1
                                          ^
  in instance: bsg_mesh_router_buffered.bmr.xbar[3].conc0.rof[23]
designs/baseline_router/all_compiled.v:605:43: warning: cannot refer to element 23 of 'logic[4:0]' [-Windex-oob]
                        if (pattern_els_p[j]) begin : genblk1
                                          ^
  in instance: bsg_mesh_router_buffered.bmr.xbar[3].conc0.rof[24]
designs/baseline_router/all_compiled.v:605:43: warning: cannot refer to element 24 of 'logic[4:0]' [-Windex-oob]
                        if (pattern_els_p[j]) begin : genblk1
                                          ^
  in instance: bsg_mesh_router_buffered.bmr.xbar[3].conc0.rof[25]
designs/baseline_router/all_compiled.v:605:43: warning: cannot refer to element 25 of 'logic[4:0]' [-Windex-oob]
                        if (pattern_els_p[j]) begin : genblk1
                                          ^
  in instance: bsg_mesh_router_buffered.bmr.xbar[3].conc0.rof[26]
designs/baseline_router/all_compiled.v:605:43: warning: cannot refer to element 26 of 'logic[4:0]' [-Windex-oob]
                        if (pattern_els_p[j]) begin : genblk1
                                          ^
  in instance: bsg_mesh_router_buffered.bmr.xbar[3].conc0.rof[27]
designs/baseline_router/all_compiled.v:605:43: warning: cannot refer to element 27 of 'logic[4:0]' [-Windex-oob]
                        if (pattern_els_p[j]) begin : genblk1
                                          ^
  in instance: bsg_mesh_router_buffered.bmr.xbar[3].conc0.rof[28]
designs/baseline_router/all_compiled.v:605:43: warning: cannot refer to element 28 of 'logic[4:0]' [-Windex-oob]
                        if (pattern_els_p[j]) begin : genblk1
                                          ^
  in instance: bsg_mesh_router_buffered.bmr.xbar[3].conc0.rof[29]
designs/baseline_router/all_compiled.v:605:43: warning: cannot refer to element 29 of 'logic[4:0]' [-Windex-oob]
                        if (pattern_els_p[j]) begin : genblk1
                                          ^
  in instance: bsg_mesh_router_buffered.bmr.xbar[3].conc0.rof[30]
designs/baseline_router/all_compiled.v:605:43: warning: cannot refer to element 30 of 'logic[4:0]' [-Windex-oob]
                        if (pattern_els_p[j]) begin : genblk1
                                          ^
  in instance: bsg_mesh_router_buffered.bmr.xbar[3].conc0.rof[31]
designs/baseline_router/all_compiled.v:605:43: warning: cannot refer to element 31 of 'logic[4:0]' [-Windex-oob]
                        if (pattern_els_p[j]) begin : genblk1
                                          ^
  in instance: bsg_mesh_router_buffered.bmr.xbar[4].conc0.rof[5]
designs/baseline_router/all_compiled.v:605:43: warning: cannot refer to element 5 of 'logic[4:0]' [-Windex-oob]
                        if (pattern_els_p[j]) begin : genblk1
                                          ^
  in instance: bsg_mesh_router_buffered.bmr.xbar[4].conc0.rof[6]
designs/baseline_router/all_compiled.v:605:43: warning: cannot refer to element 6 of 'logic[4:0]' [-Windex-oob]
                        if (pattern_els_p[j]) begin : genblk1
                                          ^
  in instance: bsg_mesh_router_buffered.bmr.xbar[4].conc0.rof[7]
designs/baseline_router/all_compiled.v:605:43: warning: cannot refer to element 7 of 'logic[4:0]' [-Windex-oob]
                        if (pattern_els_p[j]) begin : genblk1
                                          ^
  in instance: bsg_mesh_router_buffered.bmr.xbar[4].conc0.rof[8]
designs/baseline_router/all_compiled.v:605:43: warning: cannot refer to element 8 of 'logic[4:0]' [-Windex-oob]
                        if (pattern_els_p[j]) begin : genblk1
                                          ^
  in instance: bsg_mesh_router_buffered.bmr.xbar[4].conc0.rof[9]
designs/baseline_router/all_compiled.v:605:43: warning: cannot refer to element 9 of 'logic[4:0]' [-Windex-oob]
                        if (pattern_els_p[j]) begin : genblk1
                                          ^
  in instance: bsg_mesh_router_buffered.bmr.xbar[4].conc0.rof[10]
designs/baseline_router/all_compiled.v:605:43: warning: cannot refer to element 10 of 'logic[4:0]' [-Windex-oob]
                        if (pattern_els_p[j]) begin : genblk1
                                          ^
  in instance: bsg_mesh_router_buffered.bmr.xbar[4].conc0.rof[11]
designs/baseline_router/all_compiled.v:605:43: warning: cannot refer to element 11 of 'logic[4:0]' [-Windex-oob]
                        if (pattern_els_p[j]) begin : genblk1
                                          ^
  in instance: bsg_mesh_router_buffered.bmr.xbar[4].conc0.rof[12]
designs/baseline_router/all_compiled.v:605:43: warning: cannot refer to element 12 of 'logic[4:0]' [-Windex-oob]
                        if (pattern_els_p[j]) begin : genblk1
                                          ^
  in instance: bsg_mesh_router_buffered.bmr.xbar[4].conc0.rof[13]
designs/baseline_router/all_compiled.v:605:43: warning: cannot refer to element 13 of 'logic[4:0]' [-Windex-oob]
                        if (pattern_els_p[j]) begin : genblk1
                                          ^
  in instance: bsg_mesh_router_buffered.bmr.xbar[4].conc0.rof[14]
designs/baseline_router/all_compiled.v:605:43: warning: cannot refer to element 14 of 'logic[4:0]' [-Windex-oob]
                        if (pattern_els_p[j]) begin : genblk1
                                          ^
  in instance: bsg_mesh_router_buffered.bmr.xbar[4].conc0.rof[15]
designs/baseline_router/all_compiled.v:605:43: warning: cannot refer to element 15 of 'logic[4:0]' [-Windex-oob]
                        if (pattern_els_p[j]) begin : genblk1
                                          ^
  in instance: bsg_mesh_router_buffered.bmr.xbar[4].conc0.rof[16]
designs/baseline_router/all_compiled.v:605:43: warning: cannot refer to element 16 of 'logic[4:0]' [-Windex-oob]
                        if (pattern_els_p[j]) begin : genblk1
                                          ^
  in instance: bsg_mesh_router_buffered.bmr.xbar[4].conc0.rof[17]
designs/baseline_router/all_compiled.v:605:43: warning: cannot refer to element 17 of 'logic[4:0]' [-Windex-oob]
                        if (pattern_els_p[j]) begin : genblk1
                                          ^
  in instance: bsg_mesh_router_buffered.bmr.xbar[4].conc0.rof[18]
designs/baseline_router/all_compiled.v:605:43: warning: cannot refer to element 18 of 'logic[4:0]' [-Windex-oob]
                        if (pattern_els_p[j]) begin : genblk1
                                          ^
  in instance: bsg_mesh_router_buffered.bmr.xbar[4].conc0.rof[19]
designs/baseline_router/all_compiled.v:605:43: warning: cannot refer to element 19 of 'logic[4:0]' [-Windex-oob]
                        if (pattern_els_p[j]) begin : genblk1
                                          ^
  in instance: bsg_mesh_router_buffered.bmr.xbar[4].conc0.rof[20]
designs/baseline_router/all_compiled.v:605:43: warning: cannot refer to element 20 of 'logic[4:0]' [-Windex-oob]
                        if (pattern_els_p[j]) begin : genblk1
                                          ^
  in instance: bsg_mesh_router_buffered.bmr.xbar[4].conc0.rof[21]
designs/baseline_router/all_compiled.v:605:43: warning: cannot refer to element 21 of 'logic[4:0]' [-Windex-oob]
                        if (pattern_els_p[j]) begin : genblk1
                                          ^
  in instance: bsg_mesh_router_buffered.bmr.xbar[4].conc0.rof[22]
designs/baseline_router/all_compiled.v:605:43: warning: cannot refer to element 22 of 'logic[4:0]' [-Windex-oob]
                        if (pattern_els_p[j]) begin : genblk1
                                          ^
  in instance: bsg_mesh_router_buffered.bmr.xbar[4].conc0.rof[23]
designs/baseline_router/all_compiled.v:605:43: warning: cannot refer to element 23 of 'logic[4:0]' [-Windex-oob]
                        if (pattern_els_p[j]) begin : genblk1
                                          ^
  in instance: bsg_mesh_router_buffered.bmr.xbar[4].conc0.rof[24]
designs/baseline_router/all_compiled.v:605:43: warning: cannot refer to element 24 of 'logic[4:0]' [-Windex-oob]
                        if (pattern_els_p[j]) begin : genblk1
                                          ^
  in instance: bsg_mesh_router_buffered.bmr.xbar[4].conc0.rof[25]
designs/baseline_router/all_compiled.v:605:43: warning: cannot refer to element 25 of 'logic[4:0]' [-Windex-oob]
                        if (pattern_els_p[j]) begin : genblk1
                                          ^
  in instance: bsg_mesh_router_buffered.bmr.xbar[4].conc0.rof[26]
designs/baseline_router/all_compiled.v:605:43: warning: cannot refer to element 26 of 'logic[4:0]' [-Windex-oob]
                        if (pattern_els_p[j]) begin : genblk1
                                          ^
  in instance: bsg_mesh_router_buffered.bmr.xbar[4].conc0.rof[27]
designs/baseline_router/all_compiled.v:605:43: warning: cannot refer to element 27 of 'logic[4:0]' [-Windex-oob]
                        if (pattern_els_p[j]) begin : genblk1
                                          ^
  in instance: bsg_mesh_router_buffered.bmr.xbar[4].conc0.rof[28]
designs/baseline_router/all_compiled.v:605:43: warning: cannot refer to element 28 of 'logic[4:0]' [-Windex-oob]
                        if (pattern_els_p[j]) begin : genblk1
                                          ^
  in instance: bsg_mesh_router_buffered.bmr.xbar[4].conc0.rof[29]
designs/baseline_router/all_compiled.v:605:43: warning: cannot refer to element 29 of 'logic[4:0]' [-Windex-oob]
                        if (pattern_els_p[j]) begin : genblk1
                                          ^
  in instance: bsg_mesh_router_buffered.bmr.xbar[4].conc0.rof[30]
designs/baseline_router/all_compiled.v:605:43: warning: cannot refer to element 30 of 'logic[4:0]' [-Windex-oob]
                        if (pattern_els_p[j]) begin : genblk1
                                          ^
  in instance: bsg_mesh_router_buffered.bmr.xbar[4].conc0.rof[31]
designs/baseline_router/all_compiled.v:605:43: warning: cannot refer to element 31 of 'logic[4:0]' [-Windex-oob]
                        if (pattern_els_p[j]) begin : genblk1
                                          ^
11.1. Executing UNDRIVEN pass. (resolve undriven signals)
11.2. Executing PROC_CLEAN pass (remove empty switches from decision trees).
11.3. Executing TRIBUF pass.
11.4. Executing PROC_RMDEAD pass (remove dead branches from decision trees).
11.5. Executing PROC_PRUNE pass (remove redundant assignments in processes).
11.6. Executing PROC_INIT pass (extract init attributes).
11.7. Executing PROC_ROM pass (convert switches to ROMs).
11.8. Executing PROC_MUX pass (convert decision trees to multiplexers).
11.9. Executing PROC_CLEAN pass (remove empty switches from decision trees).
11.10. Executing OPT_EXPR pass (perform const folding).
12. Executing HIERARCHY pass (managing design hierarchy).
12.1. Analyzing design hierarchy..
12.2. Analyzing design hierarchy..
13. Executing OPT_CLEAN pass (remove unused cells and wires).
14. Executing RTLIL backend.
End of script. Logfile hash: d1968ea37e, time: 0.85s, user: 0.82s, system: 0.02s, MEM: 98.50 MB peak
Yosys 0.64 (git sha1 6d2c445ae, g++ 11.4.0-1ubuntu1~22.04.3 -fPIC -O3)
Time spent: 76% 12x read_liberty (0 sec), 19% 2x read_slang (0 sec), ...
Top level design units:
    bsg_mesh_router_buffered


Build succeeded: 0 errors, 405 warnings
Elapsed time: 0:00.86[h:]min:sec. CPU time: user 0.83 sys 0.03 (99%). Peak memory: 103908KB.
Log                       Ext     Elapsed/s Peak Memory/MB sha1sum result [0:20)
1_1_yosys_canonicalize    .rtlil          0            101 86d53dd7f1f77ae9089b
